snapshot_id,snapshot_date,factory_class,registration_count,deprecated_registration_count,hidden_registration_count,repositories,plugin_xml_files,category_paths
date-2026-06-28,2026-06-28,org.knime.al.nodes.score.combine.pbac.UncertaintyDistributionScorerNodeFactory,1,1,0,knime-activelearning,knime-activelearning/org.knime.activelearning/plugin.xml,/labs/activelearning/score/combiner
date-2026-06-28,2026-06-28,org.knime.al.nodes.score.pbac.PBACScorerNodeFactory,1,1,0,knime-activelearning,knime-activelearning/org.knime.activelearning/plugin.xml,/labs/activelearning/score/allinone
date-2026-06-28,2026-06-28,org.knime.al.nodes.score.uncertainty.variance.VarianceScorerNodeFactory,1,1,0,knime-activelearning,knime-activelearning/org.knime.activelearning/plugin.xml,/labs/activelearning/score/uncertainty
date-2026-06-28,2026-06-28,org.knime.al.nodes.select.elementselector.ElementSelectorNodeFactory,1,1,0,knime-activelearning,knime-activelearning/org.knime.activelearning/plugin.xml,/labs/activelearning/select
date-2026-06-28,2026-06-28,org.knime.base.filehandling.binaryobjectstofiles.BinaryObjectsToFilesNodeFactory,1,1,0,knime-filehandling,knime-filehandling/org.knime.base.filehandling/plugin.xml,/io/io-other/binaryobjects
date-2026-06-28,2026-06-28,org.knime.base.filehandling.copyfiles.CopyFilesNodeFactory,1,1,0,knime-filehandling,knime-filehandling/org.knime.base.filehandling/plugin.xml,/io/filehandling
date-2026-06-28,2026-06-28,org.knime.base.filehandling.createdirectory.CreateDirectoryNodeFactory,1,1,0,knime-filehandling,knime-filehandling/org.knime.base.filehandling/plugin.xml,/io/filehandling/remote
date-2026-06-28,2026-06-28,org.knime.base.filehandling.deletefiles.DeleteFilesNodeFactory,1,1,0,knime-filehandling,knime-filehandling/org.knime.base.filehandling/plugin.xml,/io/filehandling/remote
date-2026-06-28,2026-06-28,org.knime.base.filehandling.download.DownloadNodeFactory,1,1,0,knime-filehandling,knime-filehandling/org.knime.base.filehandling/plugin.xml,
date-2026-06-28,2026-06-28,org.knime.base.filehandling.download2.DownloadNodeFactory,1,1,0,knime-filehandling,knime-filehandling/org.knime.base.filehandling/plugin.xml,/io/filehandling/remote
date-2026-06-28,2026-06-28,org.knime.base.filehandling.downloaduploadfromlist.DownloadUploadFromListNodeFactory,1,1,0,knime-filehandling,knime-filehandling/org.knime.base.filehandling/plugin.xml,
date-2026-06-28,2026-06-28,org.knime.base.filehandling.downloaduploadfromlist2.DownloadUploadFromListNodeFactory,1,1,0,knime-filehandling,knime-filehandling/org.knime.base.filehandling/plugin.xml,/io/filehandling/remote
date-2026-06-28,2026-06-28,org.knime.base.filehandling.filemetainfo.FileMetaInfoNodeFactory,2,2,0,knime-filehandling,knime-filehandling/org.knime.base.filehandling/plugin.xml,/io/filehandling
date-2026-06-28,2026-06-28,org.knime.base.filehandling.filemetainfo2.FileMetaInfo2NodeFactory,1,1,0,knime-filehandling,knime-filehandling/org.knime.base.filehandling/plugin.xml,/io/filehandling
date-2026-06-28,2026-06-28,org.knime.base.filehandling.listdirectory.ListDirectoryNodeFactory,1,1,0,knime-filehandling,knime-filehandling/org.knime.base.filehandling/plugin.xml,/io/filehandling/remote
date-2026-06-28,2026-06-28,org.knime.base.filehandling.remote.connectioninformation.node.ftp.FTPConnectionInformationNodeFactory,1,1,0,knime-filehandling,knime-filehandling/org.knime.base.filehandling/plugin.xml,/io/filehandling/remote/connections
date-2026-06-28,2026-06-28,org.knime.base.filehandling.remote.connectioninformation.node.http.HTTPConnectionInformationNodeFactory,1,1,0,knime-filehandling,knime-filehandling/org.knime.base.filehandling/plugin.xml,/io/filehandling/remote/connections
date-2026-06-28,2026-06-28,org.knime.base.filehandling.remote.connectioninformation.node.https.HTTPSConnectionInformationNodeFactory,1,1,0,knime-filehandling,knime-filehandling/org.knime.base.filehandling/plugin.xml,/io/filehandling/remote/connections
date-2026-06-28,2026-06-28,org.knime.base.filehandling.remote.connectioninformation.node.ssh.SSHConnectionInformationNodeFactory,1,1,0,knime-filehandling,knime-filehandling/org.knime.base.filehandling/plugin.xml,/io/filehandling/remote/connections
date-2026-06-28,2026-06-28,org.knime.base.filehandling.unzip.UnzipNodeFactory,1,1,0,knime-filehandling,knime-filehandling/org.knime.base.filehandling/plugin.xml,
date-2026-06-28,2026-06-28,org.knime.base.filehandling.unzip2.UnzipNodeFactory,1,1,0,knime-filehandling,knime-filehandling/org.knime.base.filehandling/plugin.xml,/io/filehandling/zip
date-2026-06-28,2026-06-28,org.knime.base.filehandling.upload.UploadNodeFactory,1,1,0,knime-filehandling,knime-filehandling/org.knime.base.filehandling/plugin.xml,
date-2026-06-28,2026-06-28,org.knime.base.filehandling.upload2.UploadNodeFactory,1,1,0,knime-filehandling,knime-filehandling/org.knime.base.filehandling/plugin.xml,/io/filehandling/remote
date-2026-06-28,2026-06-28,org.knime.base.filehandling.zip.ZipNodeFactory,1,1,0,knime-filehandling,knime-filehandling/org.knime.base.filehandling/plugin.xml,
date-2026-06-28,2026-06-28,org.knime.base.filehandling.zip2.ZipNodeFactory,1,1,0,knime-filehandling,knime-filehandling/org.knime.base.filehandling/plugin.xml,/io/filehandling/zip
date-2026-06-28,2026-06-28,org.knime.base.node.flowcontrol.trycatch.genericcatch.DBPortCatchNodeFactory,1,1,0,knime-base,knime-base/org.knime.base/plugin.xml,
date-2026-06-28,2026-06-28,org.knime.base.node.flowvariable.appendvariabletotable.AppendVariableToTableNodeFactory,1,1,0,knime-base,knime-base/org.knime.base/plugin.xml,/flowcontrol/variables
date-2026-06-28,2026-06-28,org.knime.base.node.flowvariable.appendvariabletotable2.AppendVariableToTable2NodeFactory,1,1,0,knime-base,knime-base/org.knime.base/plugin.xml,/flowcontrol/variables
date-2026-06-28,2026-06-28,org.knime.base.node.flowvariable.appendvariabletotable3.AppendVariableToTable3NodeFactory,1,1,0,knime-base,knime-base/org.knime.base/plugin.xml,/flowcontrol/variables
date-2026-06-28,2026-06-28,org.knime.base.node.flowvariable.createfilename.CreateFilenameNodeFactory,1,1,0,knime-base,knime-base/org.knime.base/plugin.xml,/io/filehandling
date-2026-06-28,2026-06-28,org.knime.base.node.flowvariable.tablecoltovariable.TableColumnToVariableNodeFactory,1,1,0,knime-base,knime-base/org.knime.base/plugin.xml,/flowcontrol/variables
date-2026-06-28,2026-06-28,org.knime.base.node.flowvariable.tablecoltovariable2.TableColumnToVariable2NodeFactory,1,1,0,knime-base,knime-base/org.knime.base/plugin.xml,/flowcontrol/variables
date-2026-06-28,2026-06-28,org.knime.base.node.flowvariable.tablecoltovariable3.TableColumnToVariable3NodeFactory,1,1,0,knime-base,knime-base/org.knime.base/plugin.xml,/flowcontrol/variables
date-2026-06-28,2026-06-28,org.knime.base.node.flowvariable.tablerowtovariable.TableToVariableNodeFactory,1,1,0,knime-base,knime-base/org.knime.base/plugin.xml,/flowcontrol/variables
date-2026-06-28,2026-06-28,org.knime.base.node.flowvariable.tablerowtovariable2.TableToVariable2NodeFactory,1,1,0,knime-base,knime-base/org.knime.base/plugin.xml,/flowcontrol/variables
date-2026-06-28,2026-06-28,org.knime.base.node.flowvariable.variableloophead.LoopStartVariableNodeFactory,1,1,0,knime-base,knime-base/org.knime.base/plugin.xml,/flowcontrol/loopsupport
date-2026-06-28,2026-06-28,org.knime.base.node.flowvariable.variabletotablerow.VariableToTableNodeFactory,1,1,0,knime-base,knime-base/org.knime.base/plugin.xml,
date-2026-06-28,2026-06-28,org.knime.base.node.flowvariable.variabletotablerow2.VariableToTable2NodeFactory,1,1,0,knime-base,knime-base/org.knime.base/plugin.xml,/flowcontrol/variables
date-2026-06-28,2026-06-28,org.knime.base.node.flowvariable.variabletotablerow3.VariableToTable3NodeFactory,1,1,0,knime-base,knime-base/org.knime.base/plugin.xml,/flowcontrol/variables
date-2026-06-28,2026-06-28,org.knime.base.node.image.imagecolwriter.ImageColumnWriterNodeFactory,1,1,0,knime-base,knime-base/org.knime.base/plugin.xml,/io/write
date-2026-06-28,2026-06-28,org.knime.base.node.image.readpng.ReadPNGFromURLNodeFactory,1,1,0,knime-base,knime-base/org.knime.base/plugin.xml,
date-2026-06-28,2026-06-28,org.knime.base.node.image.writeimage.WriteImageNodeFactory,1,1,0,knime-base,knime-base/org.knime.base/plugin.xml,/io/write
date-2026-06-28,2026-06-28,org.knime.base.node.io.csvreader.CSVReaderNodeFactory,1,1,0,knime-base,knime-base/org.knime.base/plugin.xml,/io/read
date-2026-06-28,2026-06-28,org.knime.base.node.io.csvwriter.CSVWriterNodeFactory,1,1,0,knime-base,knime-base/org.knime.base/plugin.xml,/io/write
date-2026-06-28,2026-06-28,org.knime.base.node.io.database.DBColumnFilterNodeFactory,1,1,0,knime-base,knime-base/org.knime.base/plugin.xml,
date-2026-06-28,2026-06-28,org.knime.base.node.io.database.DBConnectionNodeFactory,1,1,0,knime-base,knime-base/org.knime.base/plugin.xml,
date-2026-06-28,2026-06-28,org.knime.base.node.io.database.DBConnectionWriterNodeFactory,1,1,0,knime-base,knime-base/org.knime.base/plugin.xml,
date-2026-06-28,2026-06-28,org.knime.base.node.io.database.DBDeleteRowsNodeFactory,1,1,0,knime-base,knime-base/org.knime.base/plugin.xml,
date-2026-06-28,2026-06-28,org.knime.base.node.io.database.DBGroupByNodeFactory,1,1,0,knime-base,knime-base/org.knime.base/plugin.xml,
date-2026-06-28,2026-06-28,org.knime.base.node.io.database.DBJoinerNodeFactory,1,1,0,knime-base,knime-base/org.knime.base/plugin.xml,
date-2026-06-28,2026-06-28,org.knime.base.node.io.database.DBQueryNodeFactory2,1,1,0,knime-base,knime-base/org.knime.base/plugin.xml,
date-2026-06-28,2026-06-28,org.knime.base.node.io.database.DBReaderConnectionNodeFactory,1,1,0,knime-base,knime-base/org.knime.base/plugin.xml,
date-2026-06-28,2026-06-28,org.knime.base.node.io.database.DBReaderNodeFactory,1,1,0,knime-base,knime-base/org.knime.base/plugin.xml,
date-2026-06-28,2026-06-28,org.knime.base.node.io.database.DBRowFilterNodeFactory,1,1,0,knime-base,knime-base/org.knime.base/plugin.xml,
date-2026-06-28,2026-06-28,org.knime.base.node.io.database.DBSQLExecutorNodeFactory,1,1,0,knime-base,knime-base/org.knime.base/plugin.xml,
date-2026-06-28,2026-06-28,org.knime.base.node.io.database.DBSorterNodeFactory,1,1,0,knime-base,knime-base/org.knime.base/plugin.xml,
date-2026-06-28,2026-06-28,org.knime.base.node.io.database.DBUpdateNodeFactory,1,1,0,knime-base,knime-base/org.knime.base/plugin.xml,
date-2026-06-28,2026-06-28,org.knime.base.node.io.database.DBWriterNodeFactory,1,1,0,knime-base,knime-base/org.knime.base/plugin.xml,
date-2026-06-28,2026-06-28,org.knime.base.node.io.database.DatabaseLoopingNodeFactory,1,1,0,knime-base,knime-base/org.knime.base/plugin.xml,
date-2026-06-28,2026-06-28,org.knime.base.node.io.database.SQLExtractNodeFactory,1,1,0,knime-base,knime-base/org.knime.base/plugin.xml,
date-2026-06-28,2026-06-28,org.knime.base.node.io.database.SQLInjectNodeFactory,1,1,0,knime-base,knime-base/org.knime.base/plugin.xml,
date-2026-06-28,2026-06-28,org.knime.base.node.io.database.binning.apply.DBApplyBinnerNodeFactory,1,1,0,knime-base,knime-base/org.knime.base/plugin.xml,
date-2026-06-28,2026-06-28,org.knime.base.node.io.database.binning.auto.DBAutoBinnerNodeFactory,1,1,0,knime-base,knime-base/org.knime.base/plugin.xml,
date-2026-06-28,2026-06-28,org.knime.base.node.io.database.binning.numeric.DBNumericBinnerNodeFactory,1,1,0,knime-base,knime-base/org.knime.base/plugin.xml,
date-2026-06-28,2026-06-28,org.knime.base.node.io.database.columnrename.DBColumnRenameNodeFactory,1,1,0,knime-base,knime-base/org.knime.base/plugin.xml,
date-2026-06-28,2026-06-28,org.knime.base.node.io.database.connection.DBTableSelectorNodeFactory,1,1,0,knime-base,knime-base/org.knime.base/plugin.xml,
date-2026-06-28,2026-06-28,org.knime.base.node.io.database.connection.JDBCConnectorNodeFactory,1,1,0,knime-base,knime-base/org.knime.base/plugin.xml,
date-2026-06-28,2026-06-28,org.knime.base.node.io.database.drop.DBDropTableNodeFactory,1,1,0,knime-base,knime-base/org.knime.base/plugin.xml,
date-2026-06-28,2026-06-28,org.knime.base.node.io.database.groupby.DBGroupByNodeFactory2,1,1,0,knime-base,knime-base/org.knime.base/plugin.xml,
date-2026-06-28,2026-06-28,org.knime.base.node.io.database.parameterizedquery.ParameterizedDBQueryNodeFactory,1,1,0,knime-base,knime-base/org.knime.base/plugin.xml,
date-2026-06-28,2026-06-28,org.knime.base.node.io.database.pivot.DBPivotNodeFactory,1,1,0,knime-base,knime-base/org.knime.base/plugin.xml,
date-2026-06-28,2026-06-28,org.knime.base.node.io.database.sampling.DBSamplingNodeFactory,1,1,0,knime-base,knime-base/org.knime.base/plugin.xml,
date-2026-06-28,2026-06-28,org.knime.base.node.io.database.tablecreator.DBTableCreatorNodeFactory,1,1,0,knime-base,knime-base/org.knime.base/plugin.xml,
date-2026-06-28,2026-06-28,org.knime.base.node.io.extractcontextprop.ReadContextPropertyNodeFactory,1,1,0,knime-base,knime-base/org.knime.base/plugin.xml,/io/io-other
date-2026-06-28,2026-06-28,org.knime.base.node.io.filehandling.csv.reader.simple.SimpleFileReaderNodeFactory,1,1,0,knime-base,knime-base/org.knime.base/plugin.xml,/io/read
date-2026-06-28,2026-06-28,org.knime.base.node.io.filehandling.linereader.LineReaderNodeFactory,1,1,0,knime-base,knime-base/org.knime.base/plugin.xml,/io/read
date-2026-06-28,2026-06-28,org.knime.base.node.io.filereader.FileReaderNodeFactory,1,1,0,knime-base,knime-base/org.knime.base/plugin.xml,/io/read
date-2026-06-28,2026-06-28,org.knime.base.node.io.filereader.VariableFileReaderNodeFactory,1,1,0,knime-base,knime-base/org.knime.base/plugin.xml,
date-2026-06-28,2026-06-28,org.knime.base.node.io.linereader.LineReaderNodeFactory,1,1,0,knime-base,knime-base/org.knime.base/plugin.xml,/io/read
date-2026-06-28,2026-06-28,org.knime.base.node.io.listfiles.ListFilesNodeFactory,1,1,0,knime-base,knime-base/org.knime.base/plugin.xml,
date-2026-06-28,2026-06-28,org.knime.base.node.io.listfiles2.ListFilesNodeFactory,1,1,0,knime-base,knime-base/org.knime.base/plugin.xml,/io/read
date-2026-06-28,2026-06-28,org.knime.base.node.io.pmml.read.PMMLReaderNodeFactory,1,1,0,knime-base,knime-base/org.knime.base/plugin.xml,/io/read
date-2026-06-28,2026-06-28,org.knime.base.node.io.pmml.read.PMMLReaderNodeFactory2,1,1,0,knime-base,knime-base/org.knime.base/plugin.xml,/io/read
date-2026-06-28,2026-06-28,org.knime.base.node.io.pmml.write.PMMLWriterNodeFactory,1,1,0,knime-base,knime-base/org.knime.base/plugin.xml,/io/write
date-2026-06-28,2026-06-28,org.knime.base.node.io.portobject.PortObjectReaderNodeFactory,1,1,0,knime-base,knime-base/org.knime.base/plugin.xml,
date-2026-06-28,2026-06-28,org.knime.base.node.io.portobject.PortObjectWriterNodeFactory,1,1,0,knime-base,knime-base/org.knime.base/plugin.xml,
date-2026-06-28,2026-06-28,org.knime.base.node.io.predictor.PredictorReaderNodeFactory,1,1,0,knime-base,knime-base/org.knime.base/plugin.xml,/io/read
date-2026-06-28,2026-06-28,org.knime.base.node.io.predictor.PredictorWriterNodeFactory,1,1,0,knime-base,knime-base/org.knime.base/plugin.xml,/io/write
date-2026-06-28,2026-06-28,org.knime.base.node.io.table.read.ReadTableNodeFactory,1,1,0,knime-base,knime-base/org.knime.base/plugin.xml,/io/read
date-2026-06-28,2026-06-28,org.knime.base.node.io.table.write.WriteTableNodeFactory,1,1,0,knime-base,knime-base/org.knime.base/plugin.xml,/io/write
date-2026-06-28,2026-06-28,org.knime.base.node.meta.feature.backwardelim.BWElimFilterNodeFactory,1,1,0,knime-base,knime-base/org.knime.base/plugin.xml,/analytics/mining/featureselection
date-2026-06-28,2026-06-28,org.knime.base.node.meta.feature.backwardelim.BWElimLoopEndNodeFactory,1,1,0,knime-base,knime-base/org.knime.base/plugin.xml,/analytics/mining/featureselection
date-2026-06-28,2026-06-28,org.knime.base.node.meta.feature.backwardelim.BWElimLoopStart1NodeFactory,1,1,0,knime-base,knime-base/org.knime.base/plugin.xml,/analytics/mining/featureselection
date-2026-06-28,2026-06-28,org.knime.base.node.meta.feature.backwardelim.BWElimLoopStart2NodeFactory,1,1,0,knime-base,knime-base/org.knime.base/plugin.xml,/analytics/mining/featureselection
date-2026-06-28,2026-06-28,org.knime.base.node.meta.looper.LoopEnd2NodeFactory,1,1,0,knime-base,knime-base/org.knime.base/plugin.xml,/flowcontrol/loopsupport
date-2026-06-28,2026-06-28,org.knime.base.node.meta.looper.LoopEndJoinNodeFactory,1,1,0,knime-base,knime-base/org.knime.base/plugin.xml,/flowcontrol/loopsupport
date-2026-06-28,2026-06-28,org.knime.base.node.meta.looper.LoopEndNodeFactory,1,1,0,knime-base,knime-base/org.knime.base/plugin.xml,/flowcontrol/loopsupport
date-2026-06-28,2026-06-28,org.knime.base.node.meta.looper.LoopStartCountNodeFactory,1,1,0,knime-base,knime-base/org.knime.base/plugin.xml,/flowcontrol/loopsupport
date-2026-06-28,2026-06-28,org.knime.base.node.meta.looper.LoopStartIntervalNodeFactory,1,1,0,knime-base,knime-base/org.knime.base/plugin.xml,/flowcontrol/loopsupport
date-2026-06-28,2026-06-28,org.knime.base.node.meta.looper.columnlist.ColumnListLoopStartNodeFactory,1,1,0,knime-base,knime-base/org.knime.base/plugin.xml,/flowcontrol/loopsupport
date-2026-06-28,2026-06-28,org.knime.base.node.meta.looper.condition.LoopEndConditionNodeFactory,1,1,0,knime-base,knime-base/org.knime.base/plugin.xml,/flowcontrol/loopsupport
date-2026-06-28,2026-06-28,org.knime.base.node.meta.looper.condition.LoopStartGenericNodeFactory,1,1,0,knime-base,knime-base/org.knime.base/plugin.xml,/flowcontrol/loopsupport
date-2026-06-28,2026-06-28,org.knime.base.node.meta.looper.recursive.RecursiveLoopEnd2NodeFactory,1,1,0,knime-base,knime-base/org.knime.base/plugin.xml,/flowcontrol/loopsupport
date-2026-06-28,2026-06-28,org.knime.base.node.meta.looper.recursive.RecursiveLoopEndNodeFactory,1,1,0,knime-base,knime-base/org.knime.base/plugin.xml,/flowcontrol/loopsupport
date-2026-06-28,2026-06-28,org.knime.base.node.meta.looper.recursive.RecursiveLoopStart2NodeFactory,1,1,0,knime-base,knime-base/org.knime.base/plugin.xml,/flowcontrol/loopsupport
date-2026-06-28,2026-06-28,org.knime.base.node.meta.looper.recursive.RecursiveLoopStartNodeFactory,1,1,0,knime-base,knime-base/org.knime.base/plugin.xml,/flowcontrol/loopsupport
date-2026-06-28,2026-06-28,org.knime.base.node.meta.looper.variable.start.LoopStartVariable2NodeFactory,1,1,0,knime-base,knime-base/org.knime.base/plugin.xml,/flowcontrol/loopsupport
date-2026-06-28,2026-06-28,org.knime.base.node.meta.looper.variableloopend.VariableLoopEndNodeFactory,1,1,0,knime-base,knime-base/org.knime.base/plugin.xml,/flowcontrol/loopsupport
date-2026-06-28,2026-06-28,org.knime.base.node.mine.bayes.naivebayes.learner.NaiveBayesLearnerNodeFactory,1,1,0,knime-base,knime-base/org.knime.base/plugin.xml,
date-2026-06-28,2026-06-28,org.knime.base.node.mine.bayes.naivebayes.learner2.NaiveBayesLearnerNodeFactory2,1,1,0,knime-base,knime-base/org.knime.base/plugin.xml,/analytics/mining/bayes
date-2026-06-28,2026-06-28,org.knime.base.node.mine.bayes.naivebayes.learner2.NaiveBayesLearnerNodeFactory3,1,1,0,knime-base,knime-base/org.knime.base/plugin.xml,/analytics/mining/bayes
date-2026-06-28,2026-06-28,org.knime.base.node.mine.bayes.naivebayes.predictor.NaiveBayesPredictorNodeFactory,1,1,0,knime-base,knime-base/org.knime.base/plugin.xml,/analytics/mining/bayes
date-2026-06-28,2026-06-28,org.knime.base.node.mine.bayes.naivebayes.predictor2.NaiveBayesPredictorNodeFactory,1,1,0,knime-base,knime-base/org.knime.base/plugin.xml,
date-2026-06-28,2026-06-28,org.knime.base.node.mine.bayes.naivebayes.predictor3.NaiveBayesPredictorNodeFactory2,1,1,0,knime-base,knime-base/org.knime.base/plugin.xml,/analytics/mining/bayes
date-2026-06-28,2026-06-28,org.knime.base.node.mine.bfn.fuzzy.FuzzyBasisFunctionPredictorNodeFactory,1,1,0,knime-base,knime-base/org.knime.base/plugin.xml,/analytics/mining/rules/basisfunction
date-2026-06-28,2026-06-28,org.knime.base.node.mine.bfn.radial.RadialBasisFunctionPredictorNodeFactory,1,1,0,knime-base,knime-base/org.knime.base/plugin.xml,/analytics/mining/nn/pnn
date-2026-06-28,2026-06-28,org.knime.base.node.mine.cluster.fuzzycmeans.FuzzyClusterNodeFactory,1,1,0,knime-base,knime-base/org.knime.base/plugin.xml,/analytics/mining/clustering
date-2026-06-28,2026-06-28,org.knime.base.node.mine.cluster.kmeans.ClusterNodeFactory,1,1,0,knime-base,knime-base/org.knime.base/plugin.xml,/analytics/mining/clustering
date-2026-06-28,2026-06-28,org.knime.base.node.mine.decisiontree2.learner2.DecisionTreeLearnerNodeFactory2,1,1,0,knime-base,knime-base/org.knime.base/plugin.xml,/analytics/mining/dtree
date-2026-06-28,2026-06-28,org.knime.base.node.mine.decisiontree2.predictor.DecTreePredictorNodeFactory,1,1,0,knime-base,knime-base/org.knime.base/plugin.xml,/analytics/mining/dtree
date-2026-06-28,2026-06-28,org.knime.base.node.mine.knn.KnnNodeFactory,1,1,0,knime-base,knime-base/org.knime.base/plugin.xml,/analytics/mining/miscClass
date-2026-06-28,2026-06-28,org.knime.base.node.mine.knn.pmml.PMMLKNNNodeFactory,1,1,0,knime-base,knime-base/org.knime.base/plugin.xml,/analytics/mining/miscClass
date-2026-06-28,2026-06-28,org.knime.base.node.mine.neural.mlp.MLPPredictorNodeFactory,1,1,0,knime-base,knime-base/org.knime.base/plugin.xml,/analytics/mining/nn/mlp
date-2026-06-28,2026-06-28,org.knime.base.node.mine.neural.rprop.RPropNodeFactory,1,1,0,knime-base,knime-base/org.knime.base/plugin.xml,/analytics/mining/nn/mlp
date-2026-06-28,2026-06-28,org.knime.base.node.mine.pca.PCAApplyNodeFactory,1,1,0,knime-base,knime-base/org.knime.base/plugin.xml,/analytics/mining/pca
date-2026-06-28,2026-06-28,org.knime.base.node.mine.pca.PCAComputeNodeFactory,1,1,0,knime-base,knime-base/org.knime.base/plugin.xml,/analytics/mining/pca
date-2026-06-28,2026-06-28,org.knime.base.node.mine.pca.PCANodeFactory,1,1,0,knime-base,knime-base/org.knime.base/plugin.xml,/analytics/mining/pca
date-2026-06-28,2026-06-28,org.knime.base.node.mine.pca.PCAReverseNodeFactory,1,1,0,knime-base,knime-base/org.knime.base/plugin.xml,/analytics/mining/pca
date-2026-06-28,2026-06-28,org.knime.base.node.mine.regression.linear.learn.LinRegLearnerNodeFactory,1,1,0,knime-base,knime-base/org.knime.base/plugin.xml,
date-2026-06-28,2026-06-28,org.knime.base.node.mine.regression.linear.predict.LinRegPredictorNodeFactory,1,1,0,knime-base,knime-base/org.knime.base/plugin.xml,
date-2026-06-28,2026-06-28,org.knime.base.node.mine.regression.linear2.learner.LinReg2LearnerNodeFactory,1,1,0,knime-base,knime-base/org.knime.base/plugin.xml,/analytics/mining/regression
date-2026-06-28,2026-06-28,org.knime.base.node.mine.regression.logistic.learner.LogRegLearnerNodeFactory,1,1,0,knime-base,knime-base/org.knime.base/plugin.xml,/analytics/mining/regression
date-2026-06-28,2026-06-28,org.knime.base.node.mine.regression.logistic.learner.LogRegLearnerNodeFactory2,1,1,0,knime-base,knime-base/org.knime.base/plugin.xml,/analytics/mining/regression
date-2026-06-28,2026-06-28,org.knime.base.node.mine.regression.logistic.learner3.LogRegLearnerNodeFactory3,1,1,0,knime-base,knime-base/org.knime.base/plugin.xml,/analytics/mining/regression
date-2026-06-28,2026-06-28,org.knime.base.node.mine.regression.logistic.predict.GeneralRegressionPredictorNodeFactory,1,1,0,knime-base,knime-base/org.knime.base/plugin.xml,
date-2026-06-28,2026-06-28,org.knime.base.node.mine.regression.polynomial.learner.PolyRegLearnerNodeFactory,1,1,0,knime-base,knime-base/org.knime.base/plugin.xml,
date-2026-06-28,2026-06-28,org.knime.base.node.mine.regression.polynomial.learner2.PolyRegLearnerNodeFactory,1,1,0,knime-base,knime-base/org.knime.base/plugin.xml,/analytics/mining/regression
date-2026-06-28,2026-06-28,org.knime.base.node.mine.regression.polynomial.predictor.PolyRegPredictorNodeFactory,1,1,0,knime-base,knime-base/org.knime.base/plugin.xml,
date-2026-06-28,2026-06-28,org.knime.base.node.mine.regression.predict.RegressionPredictorNodeFactory,1,1,0,knime-base,knime-base/org.knime.base/plugin.xml,
date-2026-06-28,2026-06-28,org.knime.base.node.mine.regression.predict2.RegressionPredictorNodeFactory,1,1,0,knime-base,knime-base/org.knime.base/plugin.xml,/analytics/mining/regression
date-2026-06-28,2026-06-28,org.knime.base.node.mine.scorer.accuracy.AccuracyScorerNodeFactory,1,1,0,knime-base,knime-base/org.knime.base/plugin.xml,/analytics/mining/modeleval
date-2026-06-28,2026-06-28,org.knime.base.node.mine.scorer.numeric.NumericScorerNodeFactory,1,1,0,knime-base,knime-base/org.knime.base/plugin.xml,/analytics/mining/modeleval
date-2026-06-28,2026-06-28,org.knime.base.node.mine.subgroupminer.BitVectorGeneratorNodeFactory,1,1,0,knime-base,knime-base/org.knime.base/plugin.xml,
date-2026-06-28,2026-06-28,org.knime.base.node.mine.svm.learner.SVMLearnerNodeFactory,1,1,0,knime-base,knime-base/org.knime.base/plugin.xml,/analytics/mining/svm
date-2026-06-28,2026-06-28,org.knime.base.node.mine.svm.predictor.SVMPredictorNodeFactory,1,1,0,knime-base,knime-base/org.knime.base/plugin.xml,/analytics/mining/svm
date-2026-06-28,2026-06-28,org.knime.base.node.mine.treeensemble.node.learner.classification.TreeEnsembleClassificationLearnerNodeFactory,1,1,0,knime-ensembles,knime-ensembles/org.knime.base.treeensembles/plugin.xml,/analytics/mining/treeensemble/classification
date-2026-06-28,2026-06-28,org.knime.base.node.mine.treeensemble.node.learner.regression.TreeEnsembleRegressionLearnerNodeFactory,1,1,0,knime-ensembles,knime-ensembles/org.knime.base.treeensembles/plugin.xml,/analytics/mining/treeensemble/regression
date-2026-06-28,2026-06-28,org.knime.base.node.mine.treeensemble.node.modelextractor.TreeEnsembleModelExtractorNodeFactory,1,1,0,knime-ensembles,knime-ensembles/org.knime.base.treeensembles/plugin.xml,/analytics/mining/treeensemble
date-2026-06-28,2026-06-28,org.knime.base.node.mine.treeensemble.node.predictor.classification.TreeEnsembleClassificationPredictorNodeFactory,1,1,0,knime-ensembles,knime-ensembles/org.knime.base.treeensembles/plugin.xml,/analytics/mining/treeensemble/classification
date-2026-06-28,2026-06-28,org.knime.base.node.mine.treeensemble.node.predictor.regression.TreeEnsembleRegressionPredictorNodeFactory,1,1,0,knime-ensembles,knime-ensembles/org.knime.base.treeensembles/plugin.xml,/analytics/mining/treeensemble/regression
date-2026-06-28,2026-06-28,org.knime.base.node.mine.treeensemble.node.randomforest.learner.classification.RandomForestClassificationLearnerNodeFactory,1,1,0,knime-ensembles,knime-ensembles/org.knime.base.treeensembles/plugin.xml,/analytics/mining/treeensemble/classification
date-2026-06-28,2026-06-28,org.knime.base.node.mine.treeensemble.node.randomforest.learner.regression.RandomForestRegressionLearnerNodeFactory,1,1,0,knime-ensembles,knime-ensembles/org.knime.base.treeensembles/plugin.xml,/analytics/mining/treeensemble/regression
date-2026-06-28,2026-06-28,org.knime.base.node.mine.treeensemble.node.randomforest.predictor.classification.RandomForestClassificationPredictorNodeFactory,1,1,0,knime-ensembles,knime-ensembles/org.knime.base.treeensembles/plugin.xml,/analytics/mining/treeensemble/classification
date-2026-06-28,2026-06-28,org.knime.base.node.mine.treeensemble.node.randomforest.predictor.regression.RandomForestRegressionPredictorNodeFactory,1,1,0,knime-ensembles,knime-ensembles/org.knime.base.treeensembles/plugin.xml,/analytics/mining/treeensemble/regression
date-2026-06-28,2026-06-28,org.knime.base.node.mine.treeensemble.node.regressiontree.learner.RegressionTreeLearnerNodeFactory,1,1,0,knime-ensembles,knime-ensembles/org.knime.base.treeensembles/plugin.xml,/analytics/mining/dtree
date-2026-06-28,2026-06-28,org.knime.base.node.mine.treeensemble.node.regressiontree.predictor.RegressionTreePredictorNodeFactory,1,1,0,knime-ensembles,knime-ensembles/org.knime.base.treeensembles/plugin.xml,/analytics/mining/dtree
date-2026-06-28,2026-06-28,org.knime.base.node.mine.treeensemble2.node.gradientboosting.learner.classification.GradientBoostingClassificationLearnerNodeFactory,1,1,0,knime-ensembles,knime-ensembles/org.knime.base.treeensembles2/plugin.xml,/analytics/mining/treeensemble/gradientboosting/classification
date-2026-06-28,2026-06-28,org.knime.base.node.mine.treeensemble2.node.gradientboosting.learner.regression.GradientBoostingRegressionLearnerNodeFactory,1,1,0,knime-ensembles,knime-ensembles/org.knime.base.treeensembles2/plugin.xml,/analytics/mining/treeensemble/gradientboosting/regression
date-2026-06-28,2026-06-28,org.knime.base.node.mine.treeensemble2.node.gradientboosting.predictor.classification.GradientBoostingClassificationPredictorNodeFactory,1,1,0,knime-ensembles,knime-ensembles/org.knime.base.treeensembles2/plugin.xml,/analytics/mining/treeensemble/gradientboosting/classification
date-2026-06-28,2026-06-28,org.knime.base.node.mine.treeensemble2.node.gradientboosting.predictor.classification.GradientBoostingClassificationPredictorNodeFactory2,1,1,0,knime-ensembles,knime-ensembles/org.knime.base.treeensembles2/plugin.xml,/analytics/mining/treeensemble/gradientboosting/classification
date-2026-06-28,2026-06-28,org.knime.base.node.mine.treeensemble2.node.gradientboosting.predictor.pmml.GradientBoostingClassificationPMMLPredictorNodeFactory,1,1,0,knime-ensembles,knime-ensembles/org.knime.base.treeensembles2/plugin.xml,/analytics/mining/treeensemble/gradientboosting/classification
date-2026-06-28,2026-06-28,org.knime.base.node.mine.treeensemble2.node.gradientboosting.predictor.pmml.GradientBoostingClassificationPMMLPredictorNodeFactory2,1,1,0,knime-ensembles,knime-ensembles/org.knime.base.treeensembles2/plugin.xml,/analytics/mining/treeensemble/gradientboosting/classification
date-2026-06-28,2026-06-28,org.knime.base.node.mine.treeensemble2.node.learner.classification.TreeEnsembleClassificationLearnerNodeFactory,1,1,0,knime-ensembles,knime-ensembles/org.knime.base.treeensembles2/plugin.xml,/analytics/mining/treeensemble/randomforest/classification
date-2026-06-28,2026-06-28,org.knime.base.node.mine.treeensemble2.node.predictor.classification.TreeEnsembleClassificationPredictorNodeFactory,1,1,0,knime-ensembles,knime-ensembles/org.knime.base.treeensembles2/plugin.xml,/analytics/mining/treeensemble/randomforest/classification
date-2026-06-28,2026-06-28,org.knime.base.node.mine.treeensemble2.node.randomforest.learner.classification.RandomForestClassificationLearnerNodeFactory,1,1,0,knime-ensembles,knime-ensembles/org.knime.base.treeensembles2/plugin.xml,/analytics/mining/treeensemble/randomforest/classification
date-2026-06-28,2026-06-28,org.knime.base.node.mine.treeensemble2.node.randomforest.predictor.classification.RandomForestClassificationPredictorNodeFactory,1,1,0,knime-ensembles,knime-ensembles/org.knime.base.treeensembles2/plugin.xml,/analytics/mining/treeensemble/randomforest/classification
date-2026-06-28,2026-06-28,org.knime.base.node.preproc.append.row.AppendedRowsWithOptionalInNodeFactory,1,1,0,knime-base,knime-base/org.knime.base/plugin.xml,/manipulation/row/row-transform
date-2026-06-28,2026-06-28,org.knime.base.node.preproc.autobinner.AutoBinnerLearnNodeFactory,1,1,0,knime-base,knime-base/org.knime.base/plugin.xml,
date-2026-06-28,2026-06-28,org.knime.base.node.preproc.autobinner.apply.AutoBinnerApplyNodeFactory,1,1,0,knime-base,knime-base/org.knime.base/plugin.xml,/manipulation/column/binning
date-2026-06-28,2026-06-28,org.knime.base.node.preproc.autobinner2.AutoBinnerLearnNodeFactory,1,1,0,knime-base,knime-base/org.knime.base/plugin.xml,
date-2026-06-28,2026-06-28,org.knime.base.node.preproc.autobinner3.AutoBinnerLearnNodeFactory,1,1,0,knime-base,knime-base/org.knime.base/plugin.xml,/manipulation/column/binning
date-2026-06-28,2026-06-28,org.knime.base.node.preproc.cellreplace.CellReplacerNodeFactory,1,1,0,knime-base,knime-base/org.knime.base/plugin.xml,/manipulation/column/column-convert+replace
date-2026-06-28,2026-06-28,org.knime.base.node.preproc.cellsplit.CellSplitterNodeFactory,1,1,0,knime-base,knime-base/org.knime.base/plugin.xml,/manipulation/column/column-split+combine
date-2026-06-28,2026-06-28,org.knime.base.node.preproc.colcombine.ColCombineNodeFactory,1,1,0,knime-base,knime-base/org.knime.base/plugin.xml,
date-2026-06-28,2026-06-28,org.knime.base.node.preproc.colconvert.categorytonumber.CategoryToNumberNodeFactory,1,1,0,knime-base,knime-base/org.knime.base/plugin.xml,
date-2026-06-28,2026-06-28,org.knime.base.node.preproc.colconvert.categorytonumber2.CategoryToNumberNodeFactory,1,1,0,knime-base,knime-base/org.knime.base/plugin.xml,/manipulation/column/column-convert+replace
date-2026-06-28,2026-06-28,org.knime.base.node.preproc.colconvert.numbertostring.NumberToStringNodeFactory,1,1,0,knime-base,knime-base/org.knime.base/plugin.xml,/manipulation/column/column-convert+replace
date-2026-06-28,2026-06-28,org.knime.base.node.preproc.colconvert.stringtonumber.StringToNumberNodeFactory,1,1,0,knime-base,knime-base/org.knime.base/plugin.xml,/manipulation/column/column-convert+replace
date-2026-06-28,2026-06-28,org.knime.base.node.preproc.columnTrans.Many2OneColNodeFactory,1,1,0,knime-base,knime-base/org.knime.base/plugin.xml,
date-2026-06-28,2026-06-28,org.knime.base.node.preproc.columnTrans.One2ManyColNodeFactory,1,1,0,knime-base,knime-base/org.knime.base/plugin.xml,
date-2026-06-28,2026-06-28,org.knime.base.node.preproc.columnappend.ColumnAppenderNodeFactory,1,1,0,knime-base,knime-base/org.knime.base/plugin.xml,/manipulation/column/column-split+combine
date-2026-06-28,2026-06-28,org.knime.base.node.preproc.columntogrid.ColumnToGridNodeFactory,1,1,0,knime-base,knime-base/org.knime.base/plugin.xml,
date-2026-06-28,2026-06-28,org.knime.base.node.preproc.constantvalue.ConstantValueColumnNodeFactory,1,1,0,knime-base,knime-base/org.knime.base/plugin.xml,/manipulation/column/column-convert+replace
date-2026-06-28,2026-06-28,org.knime.base.node.preproc.correlation.compute.CorrelationComputeNodeFactory,1,1,0,knime-base,knime-base/org.knime.base/plugin.xml,/analytics/mining/featureselection
date-2026-06-28,2026-06-28,org.knime.base.node.preproc.domain.DomainNodeFactory,1,1,0,knime-base,knime-base/org.knime.base/plugin.xml,/manipulation/column/column-convert+replace
date-2026-06-28,2026-06-28,org.knime.base.node.preproc.double2int.DoubleToIntNodeFactory,1,1,0,knime-base,knime-base/org.knime.base/plugin.xml,/manipulation/column/column-convert+replace
date-2026-06-28,2026-06-28,org.knime.base.node.preproc.filter.column.FilterColumnNodeFactory,1,1,0,knime-base,knime-base/org.knime.base/plugin.xml,/manipulation/column/column-filter
date-2026-06-28,2026-06-28,org.knime.base.node.preproc.filter.row.RowFilter2PortNodeFactory,1,1,0,knime-base,knime-base/org.knime.base/plugin.xml,/manipulation/row/row-filter
date-2026-06-28,2026-06-28,org.knime.base.node.preproc.filter.row.RowFilterNodeFactory,1,1,0,knime-base,knime-base/org.knime.base/plugin.xml,/manipulation/row/row-filter
date-2026-06-28,2026-06-28,org.knime.base.node.preproc.joiner.Joiner2NodeFactory,1,1,0,knime-base,knime-base/org.knime.base/plugin.xml,/manipulation/column/column-split+combine
date-2026-06-28,2026-06-28,org.knime.base.node.preproc.joiner.NewJoinerNodeFactory,1,1,0,knime-base,knime-base/org.knime.base/plugin.xml,/manipulation/column/column-split+combine
date-2026-06-28,2026-06-28,org.knime.base.node.preproc.missingval.MissingValueHandling2NodeFactory,1,1,0,knime-base,knime-base/org.knime.base/plugin.xml,/manipulation/column/column-transform
date-2026-06-28,2026-06-28,org.knime.base.node.preproc.missingval.MissingValueHandling3NodeFactory,1,1,0,knime-base,knime-base/org.knime.base/plugin.xml,/manipulation/column/column-transform
date-2026-06-28,2026-06-28,org.knime.base.node.preproc.normalize.NormalizerNodeFactory,1,1,0,knime-base,knime-base/org.knime.base/plugin.xml,/manipulation/column/column-transform
date-2026-06-28,2026-06-28,org.knime.base.node.preproc.normalize2.Normalizer2NodeFactory,1,1,0,knime-base,knime-base/org.knime.base/plugin.xml,
date-2026-06-28,2026-06-28,org.knime.base.node.preproc.pmml.binner.BinnerNodeFactory,1,1,0,knime-base,knime-base/org.knime.base/plugin.xml,/manipulation/pmml
date-2026-06-28,2026-06-28,org.knime.base.node.preproc.pmml.columnTrans.Many2OneColPMMLNodeFactory,1,1,0,knime-base,knime-base/org.knime.base/plugin.xml,
date-2026-06-28,2026-06-28,org.knime.base.node.preproc.pmml.columnTrans.One2ManyColPMMLNodeFactory,1,1,0,knime-base,knime-base/org.knime.base/plugin.xml,
date-2026-06-28,2026-06-28,org.knime.base.node.preproc.pmml.columntrans2.Many2OneCol2PMMLNodeFactory,1,1,0,knime-base,knime-base/org.knime.base/plugin.xml,/manipulation/pmml
date-2026-06-28,2026-06-28,org.knime.base.node.preproc.pmml.columntrans2.One2ManyCol2PMMLNodeFactory,1,1,0,knime-base,knime-base/org.knime.base/plugin.xml,/manipulation/pmml
date-2026-06-28,2026-06-28,org.knime.base.node.preproc.pmml.normalize.NormalizerPMMLNodeFactory,1,1,0,knime-base,knime-base/org.knime.base/plugin.xml,/manipulation/pmml
date-2026-06-28,2026-06-28,org.knime.base.node.preproc.pmml.numbertostring.NumberToStringNodeFactory,1,1,0,knime-base,knime-base/org.knime.base/plugin.xml,/manipulation/pmml
date-2026-06-28,2026-06-28,org.knime.base.node.preproc.pmml.numbertostring.NumberToStringNodeFactory2,1,1,0,knime-base,knime-base/org.knime.base/plugin.xml,/manipulation/pmml
date-2026-06-28,2026-06-28,org.knime.base.node.preproc.pmml.stringtonumber.StringToNumberNodeFactory,1,1,0,knime-base,knime-base/org.knime.base/plugin.xml,/manipulation/pmml
date-2026-06-28,2026-06-28,org.knime.base.node.preproc.pmml.stringtonumber.StringToNumberNodeFactory2,1,1,0,knime-base,knime-base/org.knime.base/plugin.xml,/manipulation/pmml
date-2026-06-28,2026-06-28,org.knime.base.node.preproc.rename.RenameNodeFactory,1,1,0,knime-base,knime-base/org.knime.base/plugin.xml,/manipulation/column/column-convert+replace
date-2026-06-28,2026-06-28,org.knime.base.node.preproc.split.SplitNodeFactory,1,1,0,knime-base,knime-base/org.knime.base/plugin.xml,/manipulation/column/column-split+combine
date-2026-06-28,2026-06-28,org.knime.base.node.preproc.split2.SplitNodeFactory2,1,1,0,knime-base,knime-base/org.knime.base/plugin.xml,/manipulation/column/column-split+combine
date-2026-06-28,2026-06-28,org.knime.base.node.preproc.stringreplacer.dict.SearchReplaceDictNodeFactory,1,1,0,knime-base,knime-base/org.knime.base/plugin.xml,/manipulation/column/column-convert+replace
date-2026-06-28,2026-06-28,org.knime.base.node.rules.RuleEngineNodeFactory,1,1,0,knime-base,knime-base/org.knime.base/plugin.xml,
date-2026-06-28,2026-06-28,org.knime.base.node.stats.contingencytable.ContingencyTableNodeFactory,1,1,0,knime-stats,knime-stats/org.knime.stats2/plugin.xml,/labs/statistics
date-2026-06-28,2026-06-28,org.knime.base.node.stats.contintable.oddriskratio.OddsRiskRatioNodeFactory,1,1,0,knime-stats,knime-stats/org.knime.stats2/plugin.xml,/labs/statistics
date-2026-06-28,2026-06-28,org.knime.base.node.stats.correlation.rank.RankCorrelationComputeNodeFactory,1,1,0,knime-stats,knime-stats/org.knime.stats/plugin.xml,/analytics/statistics
date-2026-06-28,2026-06-28,org.knime.base.node.stats.kaplanmeier.KaplanMeierNodeFactory,1,1,0,knime-stats,knime-stats/org.knime.stats2/plugin.xml,/labs/statistics
date-2026-06-28,2026-06-28,org.knime.base.node.stats.lda.LDANodeFactory,1,1,0,knime-stats,knime-stats/org.knime.stats2/plugin.xml,/labs/statistics
date-2026-06-28,2026-06-28,org.knime.base.node.stats.shapirowilk.ShapiroWilkNodeFactory,1,1,0,knime-stats,knime-stats/org.knime.stats2/plugin.xml,/labs/statistics
date-2026-06-28,2026-06-28,org.knime.base.node.stats.testing.wilcoxonsignedrank.WilcoxonSignedRankNodeFactory,1,1,0,knime-stats,knime-stats/org.knime.stats2/plugin.xml,/labs/statistics
date-2026-06-28,2026-06-28,org.knime.base.node.switches.caseswitch.model.CaseStartModelNodeFactory,1,1,0,knime-base,knime-base/org.knime.base/plugin.xml,/flowcontrol/switches
date-2026-06-28,2026-06-28,org.knime.base.node.switches.caseswitch.variable.CaseEndVariableNodeFactory,1,1,0,knime-base,knime-base/org.knime.base/plugin.xml,/flowcontrol/switches
date-2026-06-28,2026-06-28,org.knime.base.node.switches.caseswitch.variable.CaseStartVariableNodeFactory,1,1,0,knime-base,knime-base/org.knime.base/plugin.xml,/flowcontrol/switches
date-2026-06-28,2026-06-28,org.knime.base.node.switches.endcase.EndcaseNodeFactory,1,1,0,knime-base,knime-base/org.knime.base/plugin.xml,/flowcontrol/switches
date-2026-06-28,2026-06-28,org.knime.base.node.switches.endmodelcase.EndmodelcaseNodeFactory,1,1,0,knime-base,knime-base/org.knime.base/plugin.xml,/flowcontrol/switches
date-2026-06-28,2026-06-28,org.knime.base.node.switches.startcase.StartcaseNodeFactory,1,1,0,knime-base,knime-base/org.knime.base/plugin.xml,/flowcontrol/switches
date-2026-06-28,2026-06-28,org.knime.base.node.util.createtempdir.CreateTempDirectoryNodeFactory,1,1,0,knime-base,knime-base/org.knime.base/plugin.xml,/io/filehandling/remote
date-2026-06-28,2026-06-28,org.knime.base.node.util.mergevariables.MergeVariablesNodeFactory,1,1,0,knime-base,knime-base/org.knime.base/plugin.xml,/flowcontrol/variables
date-2026-06-28,2026-06-28,org.knime.base.node.viz.enrichment.EnrichmentPlotterFactory,1,1,0,knime-base,knime-base/org.knime.base/plugin.xml,/analytics/mining/modeleval
date-2026-06-28,2026-06-28,org.knime.base.node.viz.property.color.ColorAppender2NodeFactory,1,1,0,knime-base,knime-base/org.knime.base/plugin.xml,/view/property
date-2026-06-28,2026-06-28,org.knime.base.node.viz.statistics.Statistics2NodeFactory,1,1,0,knime-base,knime-base/org.knime.base/plugin.xml,
date-2026-06-28,2026-06-28,org.knime.base.node.viz.statistics2.Statistics3NodeFactory,1,1,0,knime-base,knime-base/org.knime.base/plugin.xml,
date-2026-06-28,2026-06-28,org.knime.bigdata.dbfs.node.connector.DBFSConnectionInformationNodeFactory,1,1,0,knime-bigdata,knime-bigdata/org.knime.bigdata.databricks/plugin.xml,/io/filehandling/remote/connections
date-2026-06-28,2026-06-28,org.knime.bigdata.fileformats.filehandling.reader.parquet.ParquetTableReaderNodeFactory,1,1,0,knime-bigdata,knime-bigdata/org.knime.bigdata.fileformats/plugin.xml,/io/read
date-2026-06-28,2026-06-28,org.knime.bigdata.fileformats.orc.reader.OrcReaderNodeFactory,1,1,0,knime-bigdata,knime-bigdata/org.knime.bigdata.fileformats/plugin.xml,/io/read
date-2026-06-28,2026-06-28,org.knime.bigdata.fileformats.orc.writer.OrcWriterNodeFactory,1,1,0,knime-bigdata,knime-bigdata/org.knime.bigdata.fileformats/plugin.xml,/io/write
date-2026-06-28,2026-06-28,org.knime.bigdata.fileformats.parquet.reader.ParquetReaderNodeFactory,1,1,0,knime-bigdata,knime-bigdata/org.knime.bigdata.fileformats/plugin.xml,/io/read
date-2026-06-28,2026-06-28,org.knime.bigdata.fileformats.parquet.writer.ParquetWriterNodeFactory,1,1,0,knime-bigdata,knime-bigdata/org.knime.bigdata.fileformats/plugin.xml,/io/write
date-2026-06-28,2026-06-28,org.knime.bigdata.fileformats.parquet.writer2.ParquetWriter2NodeFactory,1,1,0,knime-bigdata,knime-bigdata/org.knime.bigdata.fileformats/plugin.xml,/io/write
date-2026-06-28,2026-06-28,org.knime.bigdata.filehandling.knox.node.connector.KnoxHDFSConnectionNodeFactory,1,1,0,knime-bigdata,knime-bigdata/org.knime.bigdata.filehandling.knox/plugin.xml,/io/filehandling/remote/connections
date-2026-06-28,2026-06-28,org.knime.bigdata.hdfs.node.connector.HDFSConnectionInformationNodeFactory,1,1,0,knime-bigdata,knime-bigdata/org.knime.bigdata.filehandling/plugin.xml,/io/filehandling/remote/connections
date-2026-06-28,2026-06-28,org.knime.bigdata.hdfs.node.connector.HttpFSConnectionInformationNodeFactory,1,1,0,knime-bigdata,knime-bigdata/org.knime.bigdata.filehandling/plugin.xml,/io/filehandling/remote/connections
date-2026-06-28,2026-06-28,org.knime.bigdata.hdfs.node.connector.HttpsFSConnectionInformationNodeFactory,1,1,0,knime-bigdata,knime-bigdata/org.knime.bigdata.filehandling/plugin.xml,/io/filehandling/remote/connections
date-2026-06-28,2026-06-28,org.knime.bigdata.hdfs.node.connector.SWebHDFSConnectionInformationNodeFactory,1,1,0,knime-bigdata,knime-bigdata/org.knime.bigdata.filehandling/plugin.xml,/io/filehandling/remote/connections
date-2026-06-28,2026-06-28,org.knime.bigdata.hdfs.node.connector.WebHDFSConnectionInformationNodeFactory,1,1,0,knime-bigdata,knime-bigdata/org.knime.bigdata.filehandling/plugin.xml,/io/filehandling/remote/connections
date-2026-06-28,2026-06-28,org.knime.bigdata.hdfs.node.filesettings.SetFilePermissionNodeFactory,1,1,0,knime-bigdata,knime-bigdata/org.knime.bigdata.filehandling/plugin.xml,/io/filehandling/remote
date-2026-06-28,2026-06-28,org.knime.bigdata.hive.node.connector.HiveConnectorNodeFactory,1,1,0,knime-bigdata,knime-bigdata/org.knime.bigdata.hive/plugin.xml,
date-2026-06-28,2026-06-28,org.knime.bigdata.hive.node.loader.HiveLoaderNodeFactory,1,1,0,knime-bigdata,knime-bigdata/org.knime.bigdata.hive/plugin.xml,
date-2026-06-28,2026-06-28,org.knime.bigdata.impala.node.connector.ImpalaConnectorNodeFactory,1,1,0,knime-bigdata,knime-bigdata/org.knime.bigdata.impala/plugin.xml,
date-2026-06-28,2026-06-28,org.knime.bigdata.impala.node.loader.ImpalaLoaderNodeFactory,1,1,0,knime-bigdata,knime-bigdata/org.knime.bigdata.impala/plugin.xml,
date-2026-06-28,2026-06-28,org.knime.bigdata.phoenix.node.connector.PhoenixConnectorNodeFactory,1,1,0,knime-bigdata,knime-bigdata/org.knime.bigdata.phoenix/plugin.xml,
date-2026-06-28,2026-06-28,org.knime.bigdata.scripting.nodes.python.hive.PythonScriptHiveNodeFactory,1,1,0,knime-bigdata,knime-bigdata/org.knime.bigdata.scripting/plugin.xml,
date-2026-06-28,2026-06-28,org.knime.bigdata.vertica.node.connector.VerticaConnectorNodeFactory,1,1,0,knime-database,knime-database/org.knime.bigdata.vertica/plugin.xml,
date-2026-06-28,2026-06-28,org.knime.buildworkflows.deploy.DeployWorkflow2NodeFactory,1,1,0,knime-buildworkflows,knime-buildworkflows/org.knime.buildworkflows/plugin.xml,/flowabstraction/captureworkflows
date-2026-06-28,2026-06-28,org.knime.buildworkflows.deploy.DeployWorkflowNodeFactory,1,1,0,knime-buildworkflows,knime-buildworkflows/org.knime.buildworkflows/plugin.xml,/flowabstraction/captureworkflows
date-2026-06-28,2026-06-28,org.knime.buildworkflows.writer.WorkflowWriterNodeFactory,1,1,0,knime-buildworkflows,knime-buildworkflows/org.knime.buildworkflows/plugin.xml,/flowabstraction/captureworkflows
date-2026-06-28,2026-06-28,org.knime.chem.base.node.converter.sdfinsert.SDFInserterNodeFactory,1,1,0,knime-chemistry,knime-chemistry/org.knime.chem.base/plugin.xml,/chemistry/chemmisc
date-2026-06-28,2026-06-28,org.knime.chem.base.node.converter.string2smiles.String2SmilesNodeFactory,1,1,0,knime-chemistry,knime-chemistry/org.knime.chem.base/plugin.xml,/chemistry/translators
date-2026-06-28,2026-06-28,org.knime.chem.base.node.io.sdf.SDFWriterNodeFactory,1,1,0,knime-chemistry,knime-chemistry/org.knime.chem.base/plugin.xml,/chemistry/chemio
date-2026-06-28,2026-06-28,org.knime.cloud.aws.redshift.connector.RedshiftConnectorNodeFactory,1,1,0,knime-aws-services,knime-aws-services/org.knime.cloud.aws.redshift/plugin.xml,
date-2026-06-28,2026-06-28,org.knime.cloud.aws.s3.node.connector.S3ConnectionNodeFactory,1,1,0,knime-aws,knime-aws/org.knime.cloud.aws/plugin.xml,/io/filehandling/remote/connections
date-2026-06-28,2026-06-28,org.knime.cloud.aws.s3.node.filepicker.S3FilePickerNodeFactory,1,1,0,knime-aws,knime-aws/org.knime.cloud.aws/plugin.xml,/io/filehandling/remote
date-2026-06-28,2026-06-28,org.knime.cloud.azure.abs.node.connector.AzureBSConnectionNodeFactory,1,1,0,knime-azure,knime-azure/org.knime.ext.azure.blobstorage.deprecated/plugin.xml,/io/filehandling/remote/connections
date-2026-06-28,2026-06-28,org.knime.cloud.azure.abs.node.filepicker.AzureBSFilePickerNodeFactory,1,1,0,knime-azure,knime-azure/org.knime.ext.azure.blobstorage.deprecated/plugin.xml,/io/filehandling/remote
date-2026-06-28,2026-06-28,org.knime.database.connectors.h2.H2ConnectorNodeFactory,1,1,0,knime-database,knime-database/org.knime.database.connectors/plugin.xml,
date-2026-06-28,2026-06-28,org.knime.database.connectors.mysql.MySQLConnectorNodeFactory,1,1,0,knime-database,knime-database/org.knime.database.connectors/plugin.xml,
date-2026-06-28,2026-06-28,org.knime.database.connectors.postgresql.PostgreSQLConnectorNodeFactory,1,1,0,knime-database,knime-database/org.knime.database.connectors/plugin.xml,
date-2026-06-28,2026-06-28,org.knime.database.connectors.sqlite.SQLiteConnectorNodeFactory,1,1,0,knime-database,knime-database/org.knime.database.connectors/plugin.xml,
date-2026-06-28,2026-06-28,org.knime.database.connectors.sqlserver.SQLServerConnectorNodeFactory,1,1,0,knime-database,knime-database/org.knime.database.connectors/plugin.xml,
date-2026-06-28,2026-06-28,org.knime.database.node.io.delete.DBDeleteNodeFactory,1,1,0,knime-database,knime-database/org.knime.database.nodes/plugin.xml,/db/io
date-2026-06-28,2026-06-28,org.knime.database.node.io.insert.DBInsertNodeFactory,1,1,0,knime-database,knime-database/org.knime.database.nodes/plugin.xml,/db/io
date-2026-06-28,2026-06-28,org.knime.database.node.io.load.DBLoaderNodeFactory,1,1,0,knime-database,knime-database/org.knime.database.nodes/plugin.xml,/db/io
date-2026-06-28,2026-06-28,org.knime.database.node.io.merge.DBMergeNodeFactory,1,1,0,knime-database,knime-database/org.knime.database.nodes/plugin.xml,/db/io
date-2026-06-28,2026-06-28,org.knime.database.node.io.update.DBUpdateNodeFactory,1,1,0,knime-database,knime-database/org.knime.database.nodes/plugin.xml,/db/io
date-2026-06-28,2026-06-28,org.knime.database.node.io.write.DBWriteNodeFactory,1,1,0,knime-database,knime-database/org.knime.database.nodes/plugin.xml,/db/io
date-2026-06-28,2026-06-28,org.knime.database.node.manipulation.binning.auto.DBBinnerAutoNodeFactory,1,1,0,knime-database,knime-database/org.knime.database.nodes/plugin.xml,/db/query
date-2026-06-28,2026-06-28,org.knime.database.node.manipulation.binning.numeric.DBBinnerNumericNodeFactory,1,1,0,knime-database,knime-database/org.knime.database.nodes/plugin.xml,/db/query
date-2026-06-28,2026-06-28,org.knime.database.node.manipulation.columnrename.DBRenameColumnNodeFactory,1,1,0,knime-database,knime-database/org.knime.database.nodes/plugin.xml,/db/query
date-2026-06-28,2026-06-28,org.knime.database.node.utility.tablecreator.DBTableCreateNodeFactory,1,1,0,knime-database,knime-database/org.knime.database.nodes/plugin.xml,/db/utility
date-2026-06-28,2026-06-28,org.knime.database.node.utility.tablecreator.DBTableCreateNodeFactory2,1,1,0,knime-database,knime-database/org.knime.database.nodes/plugin.xml,/db/utility
date-2026-06-28,2026-06-28,org.knime.database.node.utility.tableselector.DBTableSelectNodeFactory,1,1,0,knime-database,knime-database/org.knime.database.nodes/plugin.xml,/db/query
date-2026-06-28,2026-06-28,org.knime.dl.base.nodes.executor.DLExecutorNodeFactory,1,1,0,knime-deeplearning,knime-deeplearning/org.knime.dl/plugin.xml,/labs/deeplearning
date-2026-06-28,2026-06-28,org.knime.dl.keras.base.nodes.layers.advancedactivation.prelu.DLKerasPReLULayerNodeFactory,1,1,0,knime-deeplearning,knime-deeplearning/org.knime.dl.keras/plugin.xml,/analytics/integrations/deeplearning/keras/layers/advancedactivations
date-2026-06-28,2026-06-28,org.knime.dl.keras.base.nodes.layers.conv.conv1d.DLKerasConv1DLayerNodeFactory,1,1,0,knime-deeplearning,knime-deeplearning/org.knime.dl.keras/plugin.xml,/analytics/integrations/deeplearning/keras/layers/conv
date-2026-06-28,2026-06-28,org.knime.dl.keras.base.nodes.layers.conv.conv2d.DLKerasConv2DLayerNodeFactory,1,1,0,knime-deeplearning,knime-deeplearning/org.knime.dl.keras/plugin.xml,/analytics/integrations/deeplearning/keras/layers/conv
date-2026-06-28,2026-06-28,org.knime.dl.keras.base.nodes.layers.conv.conv2dtranspose.DLKerasConv2DTransposeLayerNodeFactory,1,1,0,knime-deeplearning,knime-deeplearning/org.knime.dl.keras/plugin.xml,/analytics/integrations/deeplearning/keras/layers/conv
date-2026-06-28,2026-06-28,org.knime.dl.keras.base.nodes.layers.conv.conv3d.DLKerasConv3DLayerNodeFactory,1,1,0,knime-deeplearning,knime-deeplearning/org.knime.dl.keras/plugin.xml,/analytics/integrations/deeplearning/keras/layers/conv
date-2026-06-28,2026-06-28,org.knime.dl.keras.base.nodes.layers.conv.separableconv1d.DLKerasSeparableConv1DLayerNodeFactory,1,1,0,knime-deeplearning,knime-deeplearning/org.knime.dl.keras/plugin.xml,/analytics/integrations/deeplearning/keras/layers/conv
date-2026-06-28,2026-06-28,org.knime.dl.keras.base.nodes.layers.conv.separableconv2d.DLKerasSeparableConv2DLayerNodeFactory,1,1,0,knime-deeplearning,knime-deeplearning/org.knime.dl.keras/plugin.xml,/analytics/integrations/deeplearning/keras/layers/conv
date-2026-06-28,2026-06-28,org.knime.dl.keras.base.nodes.layers.core.dense.DLKerasDenseLayerNodeFactory,1,1,0,knime-deeplearning,knime-deeplearning/org.knime.dl.keras/plugin.xml,/analytics/integrations/deeplearning/keras/layers/core
date-2026-06-28,2026-06-28,org.knime.dl.keras.base.nodes.layers.embedding.DLKerasEmbeddingLayerNodeFactory,1,1,0,knime-deeplearning,knime-deeplearning/org.knime.dl.keras/plugin.xml,/analytics/integrations/deeplearning/keras/layers/embedding
date-2026-06-28,2026-06-28,org.knime.dl.keras.base.nodes.layers.locally.connected1d.DLKerasLocallyConnected1DLayerNodeFactory,1,1,0,knime-deeplearning,knime-deeplearning/org.knime.dl.keras/plugin.xml,/analytics/integrations/deeplearning/keras/layers/locally
date-2026-06-28,2026-06-28,org.knime.dl.keras.base.nodes.layers.locally.connected2d.DLKerasLocallyConnected2DLayerNodeFactory,1,1,0,knime-deeplearning,knime-deeplearning/org.knime.dl.keras/plugin.xml,/analytics/integrations/deeplearning/keras/layers/locally
date-2026-06-28,2026-06-28,org.knime.dl.keras.base.nodes.layers.normalization.DLKerasBatchNormalizationLayerNodeFactory,1,1,0,knime-deeplearning,knime-deeplearning/org.knime.dl.keras/plugin.xml,/analytics/integrations/deeplearning/keras/layers/normalization
date-2026-06-28,2026-06-28,org.knime.dl.keras.base.nodes.layers.recurrent.convlstm2d.DLKerasConvLSTM2DLayerNodeFactory,1,1,0,knime-deeplearning,knime-deeplearning/org.knime.dl.keras/plugin.xml,/analytics/integrations/deeplearning/keras/layers/recurrent
date-2026-06-28,2026-06-28,org.knime.dl.keras.base.nodes.layers.recurrent.cudnngru.DLKerasCuDNNGRULayerNodeFactory,1,1,0,knime-deeplearning,knime-deeplearning/org.knime.dl.keras/plugin.xml,/analytics/integrations/deeplearning/keras/layers/recurrent
date-2026-06-28,2026-06-28,org.knime.dl.keras.base.nodes.layers.recurrent.cudnnlstm.DLKerasCuDNNLSTMLayerNodeFactory,1,1,0,knime-deeplearning,knime-deeplearning/org.knime.dl.keras/plugin.xml,/analytics/integrations/deeplearning/keras/layers/recurrent
date-2026-06-28,2026-06-28,org.knime.dl.keras.base.nodes.layers.recurrent.gru.DLKerasGRULayerNodeFactory,1,1,0,knime-deeplearning,knime-deeplearning/org.knime.dl.keras/plugin.xml,/analytics/integrations/deeplearning/keras/layers/recurrent
date-2026-06-28,2026-06-28,org.knime.dl.keras.base.nodes.layers.recurrent.lstm.DLKerasLSTMLayerNodeFactory,1,1,0,knime-deeplearning,knime-deeplearning/org.knime.dl.keras/plugin.xml,/analytics/integrations/deeplearning/keras/layers/recurrent
date-2026-06-28,2026-06-28,org.knime.dl.keras.base.nodes.layers.recurrent.simplernn.DLKerasSimpleRNNLayerNodeFactory,1,1,0,knime-deeplearning,knime-deeplearning/org.knime.dl.keras/plugin.xml,/analytics/integrations/deeplearning/keras/layers/recurrent
date-2026-06-28,2026-06-28,org.knime.ensembles.delegating.DelegatingLoopEndNodeFactory,1,1,0,knime-ensembles,knime-ensembles/org.knime.ensembles/plugin.xml,/analytics/mining/ensembles
date-2026-06-28,2026-06-28,org.knime.ensembles.delegating.DelegatingLoopStartNodeFactory,1,1,0,knime-ensembles,knime-ensembles/org.knime.ensembles/plugin.xml,/analytics/mining/ensembles
date-2026-06-28,2026-06-28,org.knime.ensembles.pmml.predictor.PMMLEnsemblePredictorNodeFactory,1,1,0,knime-ensembles,knime-ensembles/org.knime.ensembles/plugin.xml,/analytics/mining/ensembles/ensembles-combine
date-2026-06-28,2026-06-28,org.knime.ensembles.pmml.predictor2.PMMLEnsemblePredictor2NodeFactory,1,1,0,knime-ensembles,knime-ensembles/org.knime.ensembles/plugin.xml,/analytics/mining/ensembles/ensembles-combine
date-2026-06-28,2026-06-28,org.knime.ensembles.pmmlpredict.PMMLPredictorNodeFactory,1,1,0,knime-ensembles,knime-ensembles/org.knime.ensembles/plugin.xml,/analytics/mining/mining-pmml
date-2026-06-28,2026-06-28,org.knime.ensembles.pmmlpredict2.PMMLPredictor2NodeFactory,1,1,0,knime-ensembles,knime-ensembles/org.knime.ensembles/plugin.xml,/analytics/mining/mining-pmml
date-2026-06-28,2026-06-28,org.knime.exp.node.columnTrans.Many2OneColNodeFactory,1,1,0,knime-base,knime-base/org.knime.base/plugin.xml,
date-2026-06-28,2026-06-28,org.knime.exp.node.columnTrans.One2ManyColNodeFactory,1,1,0,knime-base,knime-base/org.knime.base/plugin.xml,
date-2026-06-28,2026-06-28,org.knime.ext.box.authenticator.node.BoxAuthenticatorNodeFactory,1,1,0,knime-filehandling,knime-filehandling/org.knime.ext.box.authenticator/plugin.xml,
date-2026-06-28,2026-06-28,org.knime.ext.dl4j.base.nodes.io.reader.dl4jmodel.Dl4JModelReaderNodeFactory,1,1,0,knime-dl4j,knime-dl4j/org.knime.ext.dl4j.base/plugin.xml,/labs/deeplearning/dl4j/io
date-2026-06-28,2026-06-28,org.knime.ext.dl4j.base.nodes.io.writer.Dl4JModelWriterNodeFactory,1,1,0,knime-dl4j,knime-dl4j/org.knime.ext.dl4j.base/plugin.xml,/labs/deeplearning/dl4j/io
date-2026-06-28,2026-06-28,org.knime.ext.dl4j.base.nodes.layer.deepbelief.rbm.RBMLayerNodeFactory,1,1,0,knime-dl4j,knime-dl4j/org.knime.ext.dl4j.base/plugin.xml,/labs/deeplearning/dl4j/layer/deepbelief
date-2026-06-28,2026-06-28,org.knime.ext.dl4j.base.nodes.learn.feedforward.FeedforwardLearnerNodeFactory,1,1,0,knime-dl4j,knime-dl4j/org.knime.ext.dl4j.base/plugin.xml,/labs/deeplearning/dl4j/deprecated
date-2026-06-28,2026-06-28,org.knime.ext.dl4j.base.nodes.predict.feedforward.FeedforwardPredictorNodeFactory,1,1,0,knime-dl4j,knime-dl4j/org.knime.ext.dl4j.base/plugin.xml,/labs/deeplearning/dl4j/predict
date-2026-06-28,2026-06-28,org.knime.ext.microsoft.authentication.node.auth.MicrosoftAuthenticationNodeFactory,1,1,0,knime-office365,knime-office365/org.knime.ext.microsoft.authentication/plugin.xml,/io/connectors
date-2026-06-28,2026-06-28,org.knime.ext.poi.node.read2.XLSReaderNodeFactory,1,1,0,knime-excel,knime-excel/org.knime.ext.poi/plugin.xml,/io/read
date-2026-06-28,2026-06-28,org.knime.ext.poi.node.readsheets.XLSSheetReaderNodeFactory,1,1,0,knime-excel,knime-excel/org.knime.ext.poi/plugin.xml,/io/read
date-2026-06-28,2026-06-28,org.knime.ext.poi.node.write.XLSWriterNodeFactory,1,1,0,knime-excel,knime-excel/org.knime.ext.poi/plugin.xml,/io/write
date-2026-06-28,2026-06-28,org.knime.ext.poi.node.write2.XLSAppenderNodeFactory,1,1,0,knime-excel,knime-excel/org.knime.ext.poi/plugin.xml,/io/write
date-2026-06-28,2026-06-28,org.knime.ext.poi.node.write2.XLSWriter2NodeFactory,1,1,0,knime-excel,knime-excel/org.knime.ext.poi/plugin.xml,/io/write
date-2026-06-28,2026-06-28,org.knime.ext.poi2.node.read2.XLSReaderNodeFactory,1,1,0,knime-excel,knime-excel/org.knime.ext.poi2/plugin.xml,/io/read
date-2026-06-28,2026-06-28,org.knime.ext.poi2.node.read3.XLSReaderNodeFactory,1,1,0,knime-excel,knime-excel/org.knime.ext.poi2/plugin.xml,/io/read
date-2026-06-28,2026-06-28,org.knime.ext.poi2.node.read4.XLSReaderNodeFactory,1,1,0,knime-excel,knime-excel/org.knime.ext.poi2/plugin.xml,/io/read
date-2026-06-28,2026-06-28,org.knime.ext.poi2.node.readsheets.XLSSheetReaderNodeFactory,1,1,0,knime-excel,knime-excel/org.knime.ext.poi2/plugin.xml,/io/read
date-2026-06-28,2026-06-28,org.knime.ext.poi2.node.write2.XLSAppenderNodeFactory,1,1,0,knime-excel,knime-excel/org.knime.ext.poi2/plugin.xml,/io/write
date-2026-06-28,2026-06-28,org.knime.ext.poi2.node.write2.XLSWriter2NodeFactory,1,1,0,knime-excel,knime-excel/org.knime.ext.poi2/plugin.xml,/io/write
date-2026-06-28,2026-06-28,org.knime.ext.poi2.node.write3.XLSAppenderNodeFactory,1,1,0,knime-excel,knime-excel/org.knime.ext.poi2/plugin.xml,/io/write
date-2026-06-28,2026-06-28,org.knime.ext.poi2.node.write3.XLSWriter2NodeFactory,1,1,0,knime-excel,knime-excel/org.knime.ext.poi2/plugin.xml,/io/write
date-2026-06-28,2026-06-28,org.knime.ext.powerbi.base.nodes.send.SendToPowerBINodeFactory,1,1,0,knime-powerbi,knime-powerbi/org.knime.ext.powerbi/plugin.xml,/toolintegration/powerbi
date-2026-06-28,2026-06-28,org.knime.ext.r.node.RConsoleFactory,2,2,0,knime-r,knime-r/org.knime.ext.r.nodes/plugin.xml|knime-r/org.knime.ext.r/plugin.xml,/scripting/r/remote
date-2026-06-28,2026-06-28,org.knime.ext.r.node.RPlotterNodeFactory,2,2,0,knime-r,knime-r/org.knime.ext.r.nodes/plugin.xml|knime-r/org.knime.ext.r/plugin.xml,/scripting/r/remote
date-2026-06-28,2026-06-28,org.knime.ext.r.node.RPlotterNodeFactory2,2,2,0,knime-r,knime-r/org.knime.ext.r.nodes/plugin.xml|knime-r/org.knime.ext.r/plugin.xml,/scripting/r/remote
date-2026-06-28,2026-06-28,org.knime.ext.r.node.RScriptingNodeFactory,1,1,0,knime-r,knime-r/org.knime.ext.r/plugin.xml,
date-2026-06-28,2026-06-28,org.knime.ext.r.node.io.RPortObjectReaderNodeFactory,1,1,0,knime-r,knime-r/org.knime.ext.r/plugin.xml,
date-2026-06-28,2026-06-28,org.knime.ext.r.node.io.RPortObjectWriterNodeFactory,1,1,0,knime-r,knime-r/org.knime.ext.r/plugin.xml,
date-2026-06-28,2026-06-28,org.knime.ext.r.node.local.R2PMMLNodeFactory,2,2,0,knime-r,knime-r/org.knime.ext.r.nodes/plugin.xml|knime-r/org.knime.ext.r/plugin.xml,/scripting/r/local
date-2026-06-28,2026-06-28,org.knime.ext.r.node.local.RLocalLearnerNodeFactory,2,2,0,knime-r,knime-r/org.knime.ext.r.nodes/plugin.xml|knime-r/org.knime.ext.r/plugin.xml,/scripting/r/local
date-2026-06-28,2026-06-28,org.knime.ext.r.node.local.RLocalPredictorNodeFactory,2,2,0,knime-r,knime-r/org.knime.ext.r.nodes/plugin.xml|knime-r/org.knime.ext.r/plugin.xml,/scripting/r/local
date-2026-06-28,2026-06-28,org.knime.ext.r.node.local.RLocalR2TableNodeFactory,2,2,0,knime-r,knime-r/org.knime.ext.r.nodes/plugin.xml|knime-r/org.knime.ext.r/plugin.xml,/scripting/r/local
date-2026-06-28,2026-06-28,org.knime.ext.r.node.local.RLocalRData2RNodeFactory,2,2,0,knime-r,knime-r/org.knime.ext.r.nodes/plugin.xml|knime-r/org.knime.ext.r/plugin.xml,/scripting/r/local
date-2026-06-28,2026-06-28,org.knime.ext.r.node.local.RLocalRViewsNodeFactory2,2,2,0,knime-r,knime-r/org.knime.ext.r.nodes/plugin.xml|knime-r/org.knime.ext.r/plugin.xml,/scripting/r/local
date-2026-06-28,2026-06-28,org.knime.ext.r.node.local.RLocalScriptingNodeFactory,2,2,0,knime-r,knime-r/org.knime.ext.r.nodes/plugin.xml|knime-r/org.knime.ext.r/plugin.xml,/scripting/r/local
date-2026-06-28,2026-06-28,org.knime.ext.r.node.local.RLocalSourceNodeFactory,2,2,0,knime-r,knime-r/org.knime.ext.r.nodes/plugin.xml|knime-r/org.knime.ext.r/plugin.xml,/scripting/r/local
date-2026-06-28,2026-06-28,org.knime.ext.r.node.local.RLocalTable2RNodeFactory,2,2,0,knime-r,knime-r/org.knime.ext.r.nodes/plugin.xml|knime-r/org.knime.ext.r/plugin.xml,/scripting/r/local
date-2026-06-28,2026-06-28,org.knime.ext.r.node.local.RLocalViewsNodeFactory,2,2,0,knime-r,knime-r/org.knime.ext.r.nodes/plugin.xml|knime-r/org.knime.ext.r/plugin.xml,/scripting/r/local
date-2026-06-28,2026-06-28,org.knime.ext.r.node.local.RLocalViewsNodeFactory2,2,2,0,knime-r,knime-r/org.knime.ext.r.nodes/plugin.xml|knime-r/org.knime.ext.r/plugin.xml,/scripting/r/local
date-2026-06-28,2026-06-28,org.knime.ext.ssh.node.ExtSSHToolNodeFactory,1,1,0,knime-exttool,knime-exttool/org.knime.ext.ssh/plugin.xml,/toolintegration
date-2026-06-28,2026-06-28,org.knime.ext.svg.node.renderer2svg.Renderer2SvgNodeFactory,1,1,0,knime-svg,knime-svg/org.knime.ext.svg/plugin.xml,/view/view-util
date-2026-06-28,2026-06-28,org.knime.ext.svg.node.writer.SVGWriterNodeFactory,1,1,0,knime-svg,knime-svg/org.knime.ext.svg/plugin.xml,/io/write
date-2026-06-28,2026-06-28,org.knime.ext.textprocessing.dl4j.nodes.embeddings.apply.WordVectorApplyNodeFactory,1,1,0,knime-dl4j,knime-dl4j/org.knime.ext.textprocessing.dl4j/plugin.xml,/labs/deeplearning/dl4j/embeddings
date-2026-06-28,2026-06-28,org.knime.ext.textprocessing.dl4j.nodes.embeddings.extract.VocabularyExtractorNodeFactory,1,1,0,knime-dl4j,knime-dl4j/org.knime.ext.textprocessing.dl4j/plugin.xml,/labs/deeplearning/dl4j/embeddings
date-2026-06-28,2026-06-28,org.knime.ext.textprocessing.dl4j.nodes.embeddings.io.reader.WordVectorModelReaderNodeFactory,1,1,0,knime-dl4j,knime-dl4j/org.knime.ext.textprocessing.dl4j/plugin.xml,/labs/deeplearning/dl4j/embeddings/io
date-2026-06-28,2026-06-28,org.knime.ext.textprocessing.dl4j.nodes.embeddings.io.writer.WordVectorModelWriterNodeFactory,1,1,0,knime-dl4j,knime-dl4j/org.knime.ext.textprocessing.dl4j/plugin.xml,/labs/deeplearning/dl4j/embeddings/io
date-2026-06-28,2026-06-28,org.knime.ext.textprocessing.dl4j.nodes.embeddings.learn.WordVectorLearnerNodeFactory,1,1,0,knime-dl4j,knime-dl4j/org.knime.ext.textprocessing.dl4j/plugin.xml,/labs/deeplearning/dl4j/embeddings
date-2026-06-28,2026-06-28,org.knime.ext.textprocessing.nodes.preprocessing.caseconverter.CaseConverterNodeFactory,1,1,0,knime-textprocessing,knime-textprocessing/org.knime.ext.textprocessing/plugin.xml,/applications/textprocessing/preprocessing
date-2026-06-28,2026-06-28,org.knime.ext.textprocessing.nodes.preprocessing.dictreplacer.DictionaryReplacerNodeFactory,1,1,0,knime-textprocessing,knime-textprocessing/org.knime.ext.textprocessing/plugin.xml,/applications/textprocessing/preprocessing
date-2026-06-28,2026-06-28,org.knime.ext.textprocessing.nodes.preprocessing.dictreplacer.twoinports.DictionaryReplacer2InPortsNodeFactory,1,1,0,knime-textprocessing,knime-textprocessing/org.knime.ext.textprocessing/plugin.xml,/applications/textprocessing/preprocessing
date-2026-06-28,2026-06-28,org.knime.ext.textprocessing.nodes.preprocessing.hyphenator.HyphenatorNodeFactory,1,1,0,knime-textprocessing,knime-textprocessing/org.knime.ext.textprocessing/plugin.xml,/applications/textprocessing/preprocessing
date-2026-06-28,2026-06-28,org.knime.ext.textprocessing.nodes.preprocessing.kuhlenstemmer.KuhlenStemmerNodeFactory,1,1,0,knime-textprocessing,knime-textprocessing/org.knime.ext.textprocessing/plugin.xml,/applications/textprocessing/preprocessing
date-2026-06-28,2026-06-28,org.knime.ext.textprocessing.nodes.preprocessing.ncharsfilter.NCharsFilterNodeFactory,1,1,0,knime-textprocessing,knime-textprocessing/org.knime.ext.textprocessing/plugin.xml,/applications/textprocessing/preprocessing
date-2026-06-28,2026-06-28,org.knime.ext.textprocessing.nodes.preprocessing.nefilter.NamedEntityFilterNodeFactory,1,1,0,knime-textprocessing,knime-textprocessing/org.knime.ext.textprocessing/plugin.xml,/applications/textprocessing/preprocessing
date-2026-06-28,2026-06-28,org.knime.ext.textprocessing.nodes.preprocessing.numberfilter.NumberFilterNodeFactory,1,1,0,knime-textprocessing,knime-textprocessing/org.knime.ext.textprocessing/plugin.xml,/applications/textprocessing/preprocessing
date-2026-06-28,2026-06-28,org.knime.ext.textprocessing.nodes.preprocessing.porterstemmer.PorterStemmerNodeFactory,1,1,0,knime-textprocessing,knime-textprocessing/org.knime.ext.textprocessing/plugin.xml,/applications/textprocessing/preprocessing
date-2026-06-28,2026-06-28,org.knime.ext.textprocessing.nodes.preprocessing.puncterasure.PunctuationErasureNodeFactory,1,1,0,knime-textprocessing,knime-textprocessing/org.knime.ext.textprocessing/plugin.xml,/applications/textprocessing/preprocessing
date-2026-06-28,2026-06-28,org.knime.ext.textprocessing.nodes.preprocessing.regexfilter.RegExFilterNodeFactory,1,1,0,knime-textprocessing,knime-textprocessing/org.knime.ext.textprocessing/plugin.xml,/applications/textprocessing/preprocessing
date-2026-06-28,2026-06-28,org.knime.ext.textprocessing.nodes.preprocessing.replacer.RegExReplacerNodeFactory,1,1,0,knime-textprocessing,knime-textprocessing/org.knime.ext.textprocessing/plugin.xml,/applications/textprocessing/preprocessing
date-2026-06-28,2026-06-28,org.knime.ext.textprocessing.nodes.preprocessing.snowballstemmer.SnowballStemmerNodeFactory,1,1,0,knime-textprocessing,knime-textprocessing/org.knime.ext.textprocessing/plugin.xml,/applications/textprocessing/preprocessing
date-2026-06-28,2026-06-28,org.knime.ext.textprocessing.nodes.preprocessing.stopwordfilter.StopWordFilterNodeFactory2,1,1,0,knime-textprocessing,knime-textprocessing/org.knime.ext.textprocessing/plugin.xml,/applications/textprocessing/preprocessing
date-2026-06-28,2026-06-28,org.knime.ext.textprocessing.nodes.preprocessing.stopwordfilter.StopwordFilterNodeFactory,1,1,0,knime-textprocessing,knime-textprocessing/org.knime.ext.textprocessing/plugin.xml,/applications/textprocessing/preprocessing
date-2026-06-28,2026-06-28,org.knime.ext.textprocessing.nodes.preprocessing.tagfilter.abner.AbnerTagFilterNodeFactory,1,1,0,knime-textprocessing,knime-textprocessing/org.knime.ext.textprocessing/plugin.xml,/applications/textprocessing/preprocessing
date-2026-06-28,2026-06-28,org.knime.ext.textprocessing.nodes.preprocessing.tagfilter.frenchtreebank.FrenchTreebankTagFilterNodeFactory,1,1,0,knime-textprocessing,knime-textprocessing/org.knime.ext.textprocessing/plugin.xml,/applications/textprocessing/preprocessing
date-2026-06-28,2026-06-28,org.knime.ext.textprocessing.nodes.preprocessing.tagfilter.general.GeneralTagFilterNodeFactory,1,1,0,knime-textprocessing,knime-textprocessing/org.knime.ext.textprocessing/plugin.xml,/applications/textprocessing/preprocessing
date-2026-06-28,2026-06-28,org.knime.ext.textprocessing.nodes.preprocessing.tagfilter.ne.NamedEntityFilterNodeFactory,1,1,0,knime-textprocessing,knime-textprocessing/org.knime.ext.textprocessing/plugin.xml,/applications/textprocessing/preprocessing
date-2026-06-28,2026-06-28,org.knime.ext.textprocessing.nodes.preprocessing.tagfilter.oscar.OscarTagFilterNodeFactory,1,1,0,knime-textprocessing,knime-textprocessing/org.knime.ext.textprocessing/plugin.xml,/applications/textprocessing/preprocessing
date-2026-06-28,2026-06-28,org.knime.ext.textprocessing.nodes.preprocessing.tagfilter.pharma.PharmaDefaultTagFilterNodeFactory,1,1,0,knime-textprocessing,knime-textprocessing/org.knime.ext.textprocessing/plugin.xml,/applications/textprocessing/preprocessing
date-2026-06-28,2026-06-28,org.knime.ext.textprocessing.nodes.preprocessing.tagfilter.pos.PosTagFilterNodeFactory,1,1,0,knime-textprocessing,knime-textprocessing/org.knime.ext.textprocessing/plugin.xml,/applications/textprocessing/preprocessing
date-2026-06-28,2026-06-28,org.knime.ext.textprocessing.nodes.preprocessing.tagfilter.stts.STTSTagFilterNodeFactory,1,1,0,knime-textprocessing,knime-textprocessing/org.knime.ext.textprocessing/plugin.xml,/applications/textprocessing/preprocessing
date-2026-06-28,2026-06-28,org.knime.ext.textprocessing.nodes.preprocessing.termgrouper.TermGrouperNodeFactory,1,1,0,knime-textprocessing,knime-textprocessing/org.knime.ext.textprocessing/plugin.xml,/applications/textprocessing/preprocessing
date-2026-06-28,2026-06-28,org.knime.ext.textprocessing.nodes.source.rssfeedreader.RSSFeedReaderNodeFactory,1,1,0,knime-textprocessing,knime-textprocessing/org.knime.ext.textprocessing/plugin.xml,/applications/textprocessing/io
date-2026-06-28,2026-06-28,org.knime.ext.textprocessing.nodes.tagging.abner.AbnerTaggerNodeFactory,1,1,0,knime-textprocessing,knime-textprocessing/org.knime.ext.textprocessing/plugin.xml,/applications/textprocessing/tagging
date-2026-06-28,2026-06-28,org.knime.ext.textprocessing.nodes.tagging.dict.DictionaryTaggerNodeFactory,1,1,0,knime-textprocessing,knime-textprocessing/org.knime.ext.textprocessing/plugin.xml,/applications/textprocessing/tagging
date-2026-06-28,2026-06-28,org.knime.ext.textprocessing.nodes.tagging.dict.inport.DictionaryTaggerNodeFactory,1,1,0,knime-textprocessing,knime-textprocessing/org.knime.ext.textprocessing/plugin.xml,/applications/textprocessing/tagging
date-2026-06-28,2026-06-28,org.knime.ext.textprocessing.nodes.tagging.dict.wildcard.WildcardTaggerNodeFactory,1,1,0,knime-textprocessing,knime-textprocessing/org.knime.ext.textprocessing/plugin.xml,/applications/textprocessing/tagging
date-2026-06-28,2026-06-28,org.knime.ext.textprocessing.nodes.tagging.opennlpner.OpennlpNerTaggerNodeFactory,1,1,0,knime-textprocessing,knime-textprocessing/org.knime.ext.textprocessing/plugin.xml,/applications/textprocessing/tagging
date-2026-06-28,2026-06-28,org.knime.ext.textprocessing.nodes.tagging.oscar.OscarTaggerNodeFactory,1,1,0,knime-textprocessing,knime-textprocessing/org.knime.ext.textprocessing/plugin.xml,/applications/textprocessing/tagging
date-2026-06-28,2026-06-28,org.knime.ext.textprocessing.nodes.tagging.pos.PosTaggerNodeFactory,1,1,0,knime-textprocessing,knime-textprocessing/org.knime.ext.textprocessing/plugin.xml,/applications/textprocessing/tagging
date-2026-06-28,2026-06-28,org.knime.ext.textprocessing.nodes.tagging.stanford.StanfordTaggerNodeFactory,1,1,0,knime-textprocessing,knime-textprocessing/org.knime.ext.textprocessing/plugin.xml,/applications/textprocessing/tagging
date-2026-06-28,2026-06-28,org.knime.ext.textprocessing.nodes.tagging.stanfordnlpnetagger.StanfordNlpNeTaggerNodeFactory,1,1,0,knime-textprocessing,knime-textprocessing/org.knime.ext.textprocessing/plugin.xml,/applications/textprocessing/tagging
date-2026-06-28,2026-06-28,org.knime.ext.textprocessing.nodes.transformation.bow.BagOfWordsNodeFactory,1,1,0,knime-textprocessing,knime-textprocessing/org.knime.ext.textprocessing/plugin.xml,/applications/textprocessing/transformation
date-2026-06-28,2026-06-28,org.knime.ext.textprocessing.nodes.transformation.documenttostring.DocumentDataExtractorNodeFactory,1,1,0,knime-textprocessing,knime-textprocessing/org.knime.ext.textprocessing/plugin.xml,/applications/textprocessing/transformation
date-2026-06-28,2026-06-28,org.knime.ext.textprocessing.nodes.transformation.documentvector.DocumentVectorNodeFactory,1,1,0,knime-textprocessing,knime-textprocessing/org.knime.ext.textprocessing/plugin.xml,/applications/textprocessing/transformation
date-2026-06-28,2026-06-28,org.knime.ext.textprocessing.nodes.transformation.documentvectoradapter.DocumentVectorAdapterNodeFactory,1,1,0,knime-textprocessing,knime-textprocessing/org.knime.ext.textprocessing/plugin.xml,/applications/textprocessing/transformation
date-2026-06-28,2026-06-28,org.knime.ext.textprocessing.nodes.transformation.documentvectorhashing.DocumentHashingNodeFactory,1,1,0,knime-textprocessing,knime-textprocessing/org.knime.ext.textprocessing/plugin.xml,/applications/textprocessing/transformation
date-2026-06-28,2026-06-28,org.knime.ext.textprocessing.nodes.transformation.metainfoextraction.MetaInfoExtractionNodeFactory,1,1,0,knime-textprocessing,knime-textprocessing/org.knime.ext.textprocessing/plugin.xml,/applications/textprocessing/transformation
date-2026-06-28,2026-06-28,org.knime.ext.textprocessing.nodes.transformation.metainfoinsertion.MetaInfoInsertionNodeFactory,1,1,0,knime-textprocessing,knime-textprocessing/org.knime.ext.textprocessing/plugin.xml,/applications/textprocessing/transformation
date-2026-06-28,2026-06-28,org.knime.ext.textprocessing.nodes.transformation.stringstodocument.StringsToDocumentNodeFactory,1,1,0,knime-textprocessing,knime-textprocessing/org.knime.ext.textprocessing/plugin.xml,/applications/textprocessing/transformation
date-2026-06-28,2026-06-28,org.knime.ext.textprocessing.nodes.view.documentviewer.DocumentViewerNodeFactory,1,1,0,knime-textprocessing,knime-textprocessing/org.knime.ext.textprocessing/plugin.xml,/applications/textprocessing/misc
date-2026-06-28,2026-06-28,org.knime.ext.textprocessing.nodes.view.tagcloud.TagCloudNodeFactory,1,1,0,knime-textprocessing,knime-textprocessing/org.knime.ext.textprocessing/plugin.xml,/applications/textprocessing/misc
date-2026-06-28,2026-06-28,org.knime.exttool.chem.babel.BabelNodeFactory,1,1,0,knime-exttool,knime-exttool/org.knime.exttool.chem/plugin.xml,/labs
date-2026-06-28,2026-06-28,org.knime.filehandling.utility.nodes.compress.CompressNodeFactory,1,1,0,knime-base,knime-base/org.knime.filehandling.utility.nodes/plugin.xml,/io/f-f-util
date-2026-06-28,2026-06-28,org.knime.filehandling.utility.nodes.transfer.TransferFilesNodeFactory,1,1,0,knime-base,knime-base/org.knime.filehandling.utility.nodes/plugin.xml,/io/f-f-util
date-2026-06-28,2026-06-28,org.knime.google.api.analytics.nodes.connector.GoogleAnalyticsConnectorFactory,1,1,0,knime-google,knime-google/org.knime.google.api/plugin.xml,/toolintegration/googleanalytics
date-2026-06-28,2026-06-28,org.knime.google.api.analytics.nodes.query.GoogleAnalyticsQueryFactory,1,1,0,knime-google,knime-google/org.knime.google.api/plugin.xml,/toolintegration/googleanalytics
date-2026-06-28,2026-06-28,org.knime.google.api.drive.node.connector.GoogleDriveConnectionNodeFactory,1,1,0,knime-google,knime-google/org.knime.google.api/plugin.xml,/io/connectors/googleservices
date-2026-06-28,2026-06-28,org.knime.google.api.nodes.authconnector.GoogleAuthNodeFactory,1,1,0,knime-google,knime-google/org.knime.google.api/plugin.xml,/io/connectors/googleservices
date-2026-06-28,2026-06-28,org.knime.google.api.nodes.connector.GoogleApiConnectorFactory,1,1,0,knime-google,knime-google/org.knime.google.api/plugin.xml,/io/connectors/googleservices
date-2026-06-28,2026-06-28,org.knime.google.api.sheets.nodes.connectorinteractive.GoogleSheetsInteractiveServiceProviderFactory,1,1,0,knime-google,knime-google/org.knime.google.api/plugin.xml,/io/connectors/googleservices
date-2026-06-28,2026-06-28,org.knime.google.cloud.storage.node.connector.GoogleCSConnectionNodeFactory,1,1,0,knime-google,knime-google/org.knime.google.cloud.storage/plugin.xml,/io/filehandling/remote/connections
date-2026-06-28,2026-06-28,org.knime.google.cloud.storage.node.filepicker.GoogleCSFilePickerNodeFactory,1,1,0,knime-google,knime-google/org.knime.google.cloud.storage/plugin.xml,/io/filehandling/remote
date-2026-06-28,2026-06-28,org.knime.js.base.node.configuration.filter.column.ColumnFilterDialogNodeFactory,1,1,0,knime-js-base,knime-js-base/org.knime.js.quickforms/plugin.xml,/flowabstraction/configuration/selection
date-2026-06-28,2026-06-28,org.knime.js.base.node.configuration.selection.column.ColumnSelectionDialogNodeFactory,1,1,0,knime-js-base,knime-js-base/org.knime.js.quickforms/plugin.xml,/flowabstraction/configuration/selection
date-2026-06-28,2026-06-28,org.knime.js.base.node.quickform.input.date.DateInputQuickFormNodeFactory,1,1,0,knime-js-base,knime-js-base/org.knime.js.quickforms/plugin.xml,/flowabstraction/quickforms/input
date-2026-06-28,2026-06-28,org.knime.js.base.node.viz.table.WebTableViewNodeFactory,1,1,0,knime-js-base,knime-js-base/org.knime.js.views/plugin.xml,/view/js-views
date-2026-06-28,2026-06-28,org.knime.js.base.node.widget.filter.column.ColumnFilterWidgetNodeFactory,1,1,0,knime-js-base,knime-js-base/org.knime.js.quickforms/plugin.xml,/flowabstraction/widgets/selection
date-2026-06-28,2026-06-28,org.knime.json.node.container.input.variable.ContainerVariableInputNodeFactory,1,1,0,knime-json,knime-json/org.knime.json/plugin.xml,/flowabstraction/container
date-2026-06-28,2026-06-28,org.knime.json.node.jsonpath.JSONPathNodeFactory,1,1,0,knime-json,knime-json/org.knime.json/plugin.xml,/struct-data/json
date-2026-06-28,2026-06-28,org.knime.json.node.reader.JSONReaderNodeFactory,1,1,0,knime-json,knime-json/org.knime.json/plugin.xml,/struct-data/json
date-2026-06-28,2026-06-28,org.knime.json.node.writer.JSONWriterNodeFactory,1,1,0,knime-json,knime-json/org.knime.json/plugin.xml,/struct-data/json
date-2026-06-28,2026-06-28,org.knime.microsoft.r.RunRInMSSQLNodeFactory,1,1,0,knime-r,knime-r/org.knime.microsoft.r/plugin.xml,
date-2026-06-28,2026-06-28,org.knime.python.nodes.db.PythonScriptDBNodeFactory,1,1,0,knime-python-legacy,knime-python-legacy/org.knime.python.nodes/plugin.xml,/scripting
date-2026-06-28,2026-06-28,org.knime.python.nodes.learner.PythonLearnerNodeFactory,1,1,0,knime-python-legacy,knime-python-legacy/org.knime.python.nodes/plugin.xml,/scripting
date-2026-06-28,2026-06-28,org.knime.python.nodes.objectreader.PythonObjectReaderNodeFactory,1,1,0,knime-python-legacy,knime-python-legacy/org.knime.python.nodes/plugin.xml,/scripting
date-2026-06-28,2026-06-28,org.knime.python.nodes.objectwriter.PythonObjectWriterNodeFactory,1,1,0,knime-python-legacy,knime-python-legacy/org.knime.python.nodes/plugin.xml,/scripting
date-2026-06-28,2026-06-28,org.knime.python.nodes.predictor.PythonPredictorNodeFactory,1,1,0,knime-python-legacy,knime-python-legacy/org.knime.python.nodes/plugin.xml,/scripting
date-2026-06-28,2026-06-28,org.knime.python.nodes.script.PythonScriptNodeFactory,1,1,0,knime-python-legacy,knime-python-legacy/org.knime.python.nodes/plugin.xml,/scripting
date-2026-06-28,2026-06-28,org.knime.python.nodes.script1in2out.PythonScript1In2OutNodeFactory,1,1,0,knime-python-legacy,knime-python-legacy/org.knime.python.nodes/plugin.xml,/scripting
date-2026-06-28,2026-06-28,org.knime.python.nodes.script2in1out.PythonScript2In1OutNodeFactory,1,1,0,knime-python-legacy,knime-python-legacy/org.knime.python.nodes/plugin.xml,/scripting
date-2026-06-28,2026-06-28,org.knime.python.nodes.script2in2out.PythonScript2In2OutNodeFactory,1,1,0,knime-python-legacy,knime-python-legacy/org.knime.python.nodes/plugin.xml,/scripting
date-2026-06-28,2026-06-28,org.knime.python.nodes.source.PythonSourceNodeFactory,1,1,0,knime-python-legacy,knime-python-legacy/org.knime.python.nodes/plugin.xml,/scripting
date-2026-06-28,2026-06-28,org.knime.python.nodes.variables.PythonVariablesNodeFactory,1,1,0,knime-python-legacy,knime-python-legacy/org.knime.python.nodes/plugin.xml,/scripting
date-2026-06-28,2026-06-28,org.knime.python.nodes.view.PythonViewNodeFactory,1,1,0,knime-python-legacy,knime-python-legacy/org.knime.python.nodes/plugin.xml,/scripting
date-2026-06-28,2026-06-28,org.knime.python2.nodes.db.Python2ScriptDBNodeFactory,1,1,0,knime-python-legacy,knime-python-legacy/org.knime.python2.nodes/plugin.xml,/scripting/python-legacy
date-2026-06-28,2026-06-28,org.knime.python2.nodes.learner.Python2LearnerNodeFactory,1,1,0,knime-python-legacy,knime-python-legacy/org.knime.python2.nodes/plugin.xml,/scripting/python-legacy
date-2026-06-28,2026-06-28,org.knime.python2.nodes.objectreader.Python2ObjectReaderNodeFactory,1,1,0,knime-python-legacy,knime-python-legacy/org.knime.python2.nodes/plugin.xml,/scripting/python-legacy
date-2026-06-28,2026-06-28,org.knime.python2.nodes.objectwriter.Python2ObjectWriterNodeFactory,1,1,0,knime-python-legacy,knime-python-legacy/org.knime.python2.nodes/plugin.xml,/scripting/python-legacy
date-2026-06-28,2026-06-28,org.knime.python2.nodes.predictor.Python2PredictorNodeFactory,1,1,0,knime-python-legacy,knime-python-legacy/org.knime.python2.nodes/plugin.xml,/scripting/python-legacy
date-2026-06-28,2026-06-28,org.knime.python2.nodes.script.Python2ScriptNodeFactory,1,1,0,knime-python-legacy,knime-python-legacy/org.knime.python2.nodes/plugin.xml,/scripting/python-legacy
date-2026-06-28,2026-06-28,org.knime.python2.nodes.script1in2out.Python2Script1In2OutNodeFactory,1,1,0,knime-python-legacy,knime-python-legacy/org.knime.python2.nodes/plugin.xml,/scripting/python-legacy
date-2026-06-28,2026-06-28,org.knime.python2.nodes.script2in1out.Python2Script2In1OutNodeFactory,1,1,0,knime-python-legacy,knime-python-legacy/org.knime.python2.nodes/plugin.xml,/scripting/python-legacy
date-2026-06-28,2026-06-28,org.knime.python2.nodes.script2in2out.Python2Script2In2OutNodeFactory,1,1,0,knime-python-legacy,knime-python-legacy/org.knime.python2.nodes/plugin.xml,/scripting/python-legacy
date-2026-06-28,2026-06-28,org.knime.quickform.nodes.in.bool.BooleanInputQuickFormInNodeFactory,1,1,0,knime-js-base,knime-js-base/org.knime.quickform.nodes.legacy/plugin.xml,
date-2026-06-28,2026-06-28,org.knime.quickform.nodes.in.date.DateStringInputQuickFormInNodeFactory,1,1,0,knime-js-base,knime-js-base/org.knime.quickform.nodes.legacy/plugin.xml,
date-2026-06-28,2026-06-28,org.knime.quickform.nodes.in.dbl.DoubleInputQuickFormInNodeFactory,1,1,0,knime-js-base,knime-js-base/org.knime.quickform.nodes.legacy/plugin.xml,
date-2026-06-28,2026-06-28,org.knime.quickform.nodes.in.dummy.DummyInputQuickFormInNodeFactory,1,1,0,knime-js-base,knime-js-base/org.knime.quickform.nodes.legacy/plugin.xml,
date-2026-06-28,2026-06-28,org.knime.quickform.nodes.in.fileupload.FileUploadQuickFormInNodeFactory,1,1,0,knime-js-base,knime-js-base/org.knime.quickform.nodes.legacy/plugin.xml,
date-2026-06-28,2026-06-28,org.knime.quickform.nodes.in.integer.IntInputQuickFormInNodeFactory,1,1,0,knime-js-base,knime-js-base/org.knime.quickform.nodes.legacy/plugin.xml,
date-2026-06-28,2026-06-28,org.knime.quickform.nodes.in.listbox.ListBoxInputQuickFormInNodeFactory,1,1,0,knime-js-base,knime-js-base/org.knime.quickform.nodes.legacy/plugin.xml,
date-2026-06-28,2026-06-28,org.knime.quickform.nodes.in.multiselection.MultiSelectionInputQuickFormInNodeFactory,1,1,0,knime-js-base,knime-js-base/org.knime.quickform.nodes.legacy/plugin.xml,
date-2026-06-28,2026-06-28,org.knime.quickform.nodes.in.selection.column.ColumnFilterInputQuickFormInNodeFactory,1,1,0,knime-js-base,knime-js-base/org.knime.quickform.nodes.legacy/plugin.xml,
date-2026-06-28,2026-06-28,org.knime.quickform.nodes.in.selection.column.ColumnSelectionInputQuickFormInNodeFactory,1,1,0,knime-js-base,knime-js-base/org.knime.quickform.nodes.legacy/plugin.xml,
date-2026-06-28,2026-06-28,org.knime.quickform.nodes.in.selection.multiple.MultipleSelectionInputQuickFormInNodeFactory,1,1,0,knime-js-base,knime-js-base/org.knime.quickform.nodes.legacy/plugin.xml,
date-2026-06-28,2026-06-28,org.knime.quickform.nodes.in.selection.single.SingleSelectionInputQuickFormInNodeFactory,1,1,0,knime-js-base,knime-js-base/org.knime.quickform.nodes.legacy/plugin.xml,
date-2026-06-28,2026-06-28,org.knime.quickform.nodes.in.selection.value.ValueFilterInputQuickFormInNodeFactory,1,1,0,knime-js-base,knime-js-base/org.knime.quickform.nodes.legacy/plugin.xml,
date-2026-06-28,2026-06-28,org.knime.quickform.nodes.in.selection.value.ValueSelectionInputQuickFormInNodeFactory,1,1,0,knime-js-base,knime-js-base/org.knime.quickform.nodes.legacy/plugin.xml,
date-2026-06-28,2026-06-28,org.knime.quickform.nodes.in.sketcher.SketcherInputQuickFormInNodeFactory,1,1,0,knime-js-base,knime-js-base/org.knime.quickform.nodes.legacy/plugin.xml,
date-2026-06-28,2026-06-28,org.knime.quickform.nodes.in.string.StringInputQuickFormInNodeFactory,1,1,0,knime-js-base,knime-js-base/org.knime.quickform.nodes.legacy/plugin.xml,
date-2026-06-28,2026-06-28,org.knime.quickform.nodes.in.stringselection.StringSelectionInputQuickFormInNodeFactory,1,1,0,knime-js-base,knime-js-base/org.knime.quickform.nodes.legacy/plugin.xml,
date-2026-06-28,2026-06-28,org.knime.quickform.nodes.out.filedownload.FileDownloadQuickFormOutNodeFactory,1,1,0,knime-js-base,knime-js-base/org.knime.quickform.nodes.legacy/plugin.xml,
date-2026-06-28,2026-06-28,org.knime.quickform.nodes.out.image.ImageOutputQuickFormOutNodeFactory,1,1,0,knime-js-base,knime-js-base/org.knime.quickform.nodes.legacy/plugin.xml,
date-2026-06-28,2026-06-28,org.knime.quickform.nodes.out.textarea.TextAreaOutputQuickFormOutNodeFactory,1,1,0,knime-js-base,knime-js-base/org.knime.quickform.nodes.legacy/plugin.xml,
date-2026-06-28,2026-06-28,org.knime.quickform.nodes.out.variable.VariableOutputQuickFormOutNodeFactory,1,1,0,knime-js-base,knime-js-base/org.knime.quickform.nodes.legacy/plugin.xml,
date-2026-06-28,2026-06-28,org.knime.r.ionodes.RPortObjectReaderNodeFactory,1,1,0,knime-r,knime-r/org.knime.r/plugin.xml,/scripting/r/io
date-2026-06-28,2026-06-28,org.knime.r.ionodes.RPortObjectWriterNodeFactory,1,1,0,knime-r,knime-r/org.knime.r/plugin.xml,/scripting/r/io
date-2026-06-28,2026-06-28,org.knime.salesforce.connect.SalesforceConnectorNodeFactory,1,1,0,knime-salesforce,knime-salesforce/org.knime.salesforce/plugin.xml,/toolintegration/salesforce
date-2026-06-28,2026-06-28,org.knime.salesforce.extractor.SalesforceAuthExtractNodeFactory,1,1,0,knime-salesforce,knime-salesforce/org.knime.salesforce/plugin.xml,/toolintegration/salesforce
date-2026-06-28,2026-06-28,org.knime.testing.node.differNode.DiffNodeFactory,1,1,0,knime-core,knime-core/org.knime.testing/plugin.xml,/testing
date-2026-06-28,2026-06-28,org.knime.time.node.calculate.datetimedifference.DateTimeDifferenceNodeFactory,1,1,0,knime-base,knime-base/org.knime.time/plugin.xml,/applications/timeseries/manipulate
date-2026-06-28,2026-06-28,org.knime.time.node.convert.datetimetostring.DateTimeToStringNodeFactory,1,1,0,knime-base,knime-base/org.knime.time/plugin.xml,/applications/timeseries/transform
date-2026-06-28,2026-06-28,org.knime.time.node.convert.durationperiodtostring.DurationPeriodToStringNodeFactory,1,1,0,knime-base,knime-base/org.knime.time/plugin.xml,/applications/timeseries/transform
date-2026-06-28,2026-06-28,org.knime.time.node.convert.durationtonumber.DurationToNumberNodeFactory,1,1,0,knime-base,knime-base/org.knime.time/plugin.xml,/applications/timeseries/transform
date-2026-06-28,2026-06-28,org.knime.time.node.convert.stringtodatetime.StringToDateTimeNodeFactory,1,1,0,knime-base,knime-base/org.knime.time/plugin.xml,/applications/timeseries/transform
date-2026-06-28,2026-06-28,org.knime.time.node.convert.stringtodurationperiod.StringToDurationPeriodNodeFactory,1,1,0,knime-base,knime-base/org.knime.time/plugin.xml,/applications/timeseries/transform
date-2026-06-28,2026-06-28,org.knime.time.node.convert.timestamptodatetime.TimestampToDateTimeNodeFactory,1,1,0,knime-base,knime-base/org.knime.time/plugin.xml,/applications/timeseries/transform
date-2026-06-28,2026-06-28,org.knime.time.node.create.createdatetime.CreateDateTimeNodeFactory,1,1,0,knime-base,knime-base/org.knime.time/plugin.xml,/applications/timeseries/manipulate
date-2026-06-28,2026-06-28,org.knime.time.node.extract.datetime.ExtractDateTimeFieldsNodeFactory,1,1,0,knime-base,knime-base/org.knime.time/plugin.xml,/applications/timeseries/transform
date-2026-06-28,2026-06-28,org.knime.time.node.extract.durationperiod.ExtractDurationPeriodFieldsNodeFactory,1,1,0,knime-base,knime-base/org.knime.time/plugin.xml,/applications/timeseries/transform
date-2026-06-28,2026-06-28,org.knime.time.node.manipulate.datetimeshift.DateTimeShiftNodeFactory,1,1,0,knime-base,knime-base/org.knime.time/plugin.xml,/applications/timeseries/manipulate
date-2026-06-28,2026-06-28,org.knime.time.node.manipulate.modifydate.ModifyDateNodeFactory,1,1,0,knime-base,knime-base/org.knime.time/plugin.xml,/applications/timeseries/manipulate
date-2026-06-28,2026-06-28,org.knime.time.node.manipulate.modifytime.ModifyTimeNodeFactory,1,1,0,knime-base,knime-base/org.knime.time/plugin.xml,/applications/timeseries/manipulate
date-2026-06-28,2026-06-28,org.knime.time.node.manipulate.modifytimezone.ModifyTimeZoneNodeFactory,1,1,0,knime-base,knime-base/org.knime.time/plugin.xml,/applications/timeseries/manipulate
date-2026-06-28,2026-06-28,org.knime.workflowservices.json.row.caller.local.CallLocalWorkflowNodeFactory,1,1,0,knime-productivity-oss,knime-productivity-oss/org.knime.workflowservices/plugin.xml,/flowabstraction/container
date-2026-06-28,2026-06-28,org.knime.workflowservices.json.row.caller.remote.CallRemoteWorkflowNodeFactory,1,1,0,knime-productivity-oss,knime-productivity-oss/org.knime.workflowservices/plugin.xml,/flowabstraction/container
date-2026-06-28,2026-06-28,org.knime.workflowservices.json.row.caller2.CallWorkflowRowBasedNodeFactory,1,1,0,knime-productivity-oss,knime-productivity-oss/org.knime.workflowservices/plugin.xml,/flowabstraction/container
date-2026-06-28,2026-06-28,org.knime.workflowservices.json.table.caller.CallWorkflowTableNodeFactory,1,1,0,knime-productivity-oss,knime-productivity-oss/org.knime.workflowservices/plugin.xml,/flowabstraction/container
date-2026-06-28,2026-06-28,org.knime.workflowservices.json.table.caller.Post43CallWorkflowTableNodeFactory,1,1,0,knime-productivity-oss,knime-productivity-oss/org.knime.workflowservices/plugin.xml,/flowabstraction/container
date-2026-06-28,2026-06-28,org.knime.workflowservices.knime.caller.CallWorkflowNodeFactory,1,1,0,knime-productivity-oss,knime-productivity-oss/org.knime.workflowservices/plugin.xml,/flowabstraction/container
date-2026-06-28,2026-06-28,org.knime.xml.node.ccombine.XMLColumnCombinerNodeFactory,1,1,0,knime-xml,knime-xml/org.knime.xml/plugin.xml,/struct-data/xml
date-2026-06-28,2026-06-28,org.knime.xml.node.reader.XMLReaderNodeFactory,1,1,0,knime-xml,knime-xml/org.knime.xml/plugin.xml,/struct-data/xml
date-2026-06-28,2026-06-28,org.knime.xml.node.writer.XMLWriterNodeFactory,1,1,0,knime-xml,knime-xml/org.knime.xml/plugin.xml,/struct-data/xml
date-2026-06-28,2026-06-28,org.knime.xml.node.xpath.XPathNodeFactory,1,1,0,knime-xml,knime-xml/org.knime.xml/plugin.xml,/struct-data/xml
